mergedImage_0,"[3, 0, 2, 0, 1]"
mergedImage_1,"[1, 1, 1, 1, 2]"
mergedImage_2,"[0, 2, 1, 1, 0]"
mergedImage_3,"[2, 0, 0, 1, 1]"
mergedImage_4,"[2, 0, 1, 0, 0]"
mergedImage_5,"[1, 1, 1, 1, 0]"
mergedImage_6,"[0, 2, 0, 0, 2]"
mergedImage_7,"[1, 0, 0, 2, 0]"
mergedImage_8,"[0, 0, 1, 0, 3]"
mergedImage_9,"[1, 1, 2, 1, 0]"
mergedImage_10,"[0, 2, 0, 1, 1]"
mergedImage_11,"[3, 1, 1, 1, 0]"
mergedImage_12,"[2, 0, 1, 0, 0]"
mergedImage_13,"[1, 1, 0, 0, 0]"
mergedImage_14,"[0, 2, 0, 0, 0]"
mergedImage_15,"[0, 0, 2, 1, 1]"
mergedImage_16,"[1, 1, 1, 1, 0]"
mergedImage_17,"[0, 0, 1, 0, 1]"
mergedImage_18,"[1, 0, 3, 2, 0]"
mergedImage_19,"[3, 1, 0, 1, 1]"
mergedImage_20,"[0, 0, 2, 0, 0]"
mergedImage_21,"[0, 2, 1, 0, 1]"
mergedImage_22,"[0, 1, 1, 0, 0]"
mergedImage_23,"[1, 0, 1, 0, 0]"
mergedImage_24,"[1, 0, 1, 1, 0]"
mergedImage_25,"[0, 3, 0, 0, 1]"
mergedImage_26,"[2, 0, 2, 0, 1]"
mergedImage_27,"[1, 0, 1, 0, 0]"
mergedImage_28,"[0, 2, 2, 2, 0]"
mergedImage_29,"[0, 2, 1, 2, 1]"
mergedImage_30,"[2, 1, 0, 0, 0]"
mergedImage_31,"[1, 1, 0, 1, 1]"
mergedImage_32,"[0, 2, 1, 0, 2]"
mergedImage_33,"[0, 2, 0, 1, 2]"
mergedImage_34,"[0, 0, 0, 1, 3]"
mergedImage_35,"[0, 0, 0, 1, 1]"
mergedImage_36,"[1, 1, 1, 1, 1]"
mergedImage_37,"[1, 0, 2, 2, 1]"
mergedImage_38,"[1, 0, 0, 2, 0]"
mergedImage_39,"[1, 3, 0, 1, 0]"
mergedImage_40,"[0, 2, 0, 0, 2]"
mergedImage_41,"[1, 1, 0, 2, 0]"
mergedImage_42,"[0, 1, 1, 1, 2]"
mergedImage_43,"[1, 2, 1, 1, 0]"
mergedImage_44,"[1, 3, 1, 1, 0]"
mergedImage_45,"[0, 1, 0, 1, 0]"
mergedImage_46,"[1, 0, 0, 1, 0]"
mergedImage_47,"[0, 0, 1, 0, 1]"
mergedImage_48,"[2, 1, 0, 0, 0]"
mergedImage_49,"[1, 1, 0, 0, 2]"
mergedImage_50,"[0, 1, 1, 1, 1]"
mergedImage_51,"[1, 1, 2, 0, 1]"
mergedImage_52,"[1, 1, 1, 1, 0]"
mergedImage_53,"[1, 2, 1, 1, 1]"
mergedImage_54,"[0, 0, 1, 1, 1]"
mergedImage_55,"[1, 0, 0, 1, 0]"
mergedImage_56,"[0, 1, 0, 0, 2]"
mergedImage_57,"[1, 0, 0, 0, 2]"
mergedImage_58,"[0, 1, 1, 2, 0]"
mergedImage_59,"[1, 0, 0, 2, 1]"
mergedImage_60,"[0, 0, 0, 1, 2]"
mergedImage_61,"[1, 2, 0, 2, 0]"
mergedImage_62,"[1, 1, 2, 0, 1]"
mergedImage_63,"[1, 0, 1, 0, 1]"
mergedImage_64,"[0, 1, 2, 2, 1]"
mergedImage_65,"[0, 1, 1, 2, 1]"
mergedImage_66,"[3, 1, 2, 0, 0]"
mergedImage_67,"[0, 1, 1, 3, 1]"
mergedImage_68,"[1, 2, 1, 0, 0]"
mergedImage_69,"[0, 1, 1, 1, 2]"
mergedImage_70,"[2, 0, 0, 1, 1]"
mergedImage_71,"[2, 2, 0, 1, 0]"
mergedImage_72,"[0, 2, 0, 0, 0]"
mergedImage_73,"[0, 2, 2, 1, 1]"
mergedImage_74,"[1, 0, 0, 0, 1]"
mergedImage_75,"[1, 1, 0, 0, 0]"
mergedImage_76,"[0, 1, 1, 0, 1]"
mergedImage_77,"[1, 0, 2, 2, 0]"
mergedImage_78,"[1, 2, 0, 0, 0]"
mergedImage_79,"[0, 0, 1, 2, 1]"
mergedImage_80,"[1, 1, 2, 0, 0]"
mergedImage_81,"[0, 1, 1, 2, 0]"
mergedImage_82,"[1, 1, 0, 0, 1]"
mergedImage_83,"[0, 0, 1, 1, 0]"
mergedImage_84,"[0, 0, 3, 0, 3]"
mergedImage_85,"[1, 0, 0, 3, 0]"
mergedImage_86,"[1, 0, 0, 1, 0]"
mergedImage_87,"[0, 1, 0, 0, 2]"
mergedImage_88,"[1, 0, 1, 0, 2]"
mergedImage_89,"[0, 0, 1, 1, 0]"
mergedImage_90,"[1, 2, 0, 1, 1]"
mergedImage_91,"[2, 0, 2, 0, 1]"
mergedImage_92,"[0, 0, 1, 1, 1]"
mergedImage_93,"[0, 1, 2, 1, 1]"
mergedImage_94,"[0, 2, 0, 0, 0]"
mergedImage_95,"[1, 1, 3, 1, 0]"
mergedImage_96,"[2, 1, 1, 0, 0]"
mergedImage_97,"[1, 1, 0, 3, 1]"
mergedImage_98,"[2, 2, 0, 1, 0]"
mergedImage_99,"[1, 1, 2, 1, 0]"
mergedImage_100,"[0, 0, 4, 1, 1]"
mergedImage_101,"[1, 0, 1, 1, 0]"
mergedImage_102,"[0, 0, 0, 2, 0]"
mergedImage_103,"[1, 2, 1, 0, 0]"
mergedImage_104,"[1, 3, 2, 0, 0]"
mergedImage_105,"[0, 0, 0, 1, 1]"
mergedImage_106,"[0, 3, 1, 1, 1]"
mergedImage_107,"[0, 1, 1, 0, 2]"
mergedImage_108,"[2, 1, 1, 0, 2]"
mergedImage_109,"[2, 1, 2, 0, 1]"
mergedImage_110,"[0, 0, 0, 3, 1]"
mergedImage_111,"[0, 3, 0, 0, 1]"
mergedImage_112,"[0, 1, 0, 2, 2]"
mergedImage_113,"[1, 1, 1, 1, 1]"
mergedImage_114,"[0, 0, 0, 1, 1]"
mergedImage_115,"[1, 2, 0, 0, 2]"
mergedImage_116,"[0, 1, 1, 0, 0]"
mergedImage_117,"[1, 2, 1, 1, 1]"
mergedImage_118,"[0, 2, 0, 1, 0]"
mergedImage_119,"[1, 3, 0, 1, 0]"
mergedImage_120,"[1, 1, 1, 1, 0]"
mergedImage_121,"[1, 1, 2, 1, 1]"
mergedImage_122,"[0, 0, 2, 0, 0]"
mergedImage_123,"[2, 0, 0, 0, 0]"
mergedImage_124,"[1, 0, 0, 1, 0]"
mergedImage_125,"[4, 0, 0, 0, 0]"
mergedImage_126,"[1, 1, 0, 2, 0]"
mergedImage_127,"[0, 0, 3, 1, 1]"
mergedImage_128,"[0, 2, 2, 0, 1]"
mergedImage_129,"[0, 1, 0, 2, 3]"
mergedImage_130,"[0, 2, 0, 1, 1]"
mergedImage_131,"[0, 1, 1, 1, 1]"
mergedImage_132,"[1, 1, 2, 1, 0]"
mergedImage_133,"[1, 1, 1, 0, 2]"
mergedImage_134,"[1, 1, 1, 0, 1]"
mergedImage_135,"[0, 0, 2, 0, 0]"
mergedImage_136,"[1, 2, 1, 1, 1]"
mergedImage_137,"[1, 1, 0, 1, 1]"
mergedImage_138,"[2, 1, 1, 0, 0]"
mergedImage_139,"[0, 2, 2, 0, 1]"
mergedImage_140,"[0, 0, 0, 1, 1]"
mergedImage_141,"[0, 2, 1, 0, 0]"
mergedImage_142,"[0, 1, 1, 0, 2]"
mergedImage_143,"[1, 1, 0, 0, 0]"
mergedImage_144,"[1, 0, 1, 0, 0]"
mergedImage_145,"[1, 0, 2, 0, 1]"
mergedImage_146,"[1, 0, 0, 1, 2]"
mergedImage_147,"[2, 1, 1, 2, 0]"
mergedImage_148,"[1, 0, 2, 1, 0]"
mergedImage_149,"[0, 2, 1, 0, 0]"
mergedImage_150,"[2, 2, 1, 0, 1]"
mergedImage_151,"[0, 0, 0, 1, 1]"
mergedImage_152,"[1, 0, 1, 0, 0]"
mergedImage_153,"[1, 1, 1, 1, 0]"
mergedImage_154,"[0, 1, 1, 1, 0]"
mergedImage_155,"[1, 0, 2, 0, 0]"
mergedImage_156,"[0, 0, 1, 0, 1]"
mergedImage_157,"[1, 0, 1, 0, 1]"
mergedImage_158,"[0, 0, 1, 0, 1]"
mergedImage_159,"[1, 2, 0, 1, 0]"
mergedImage_160,"[0, 1, 1, 1, 0]"
mergedImage_161,"[1, 0, 1, 0, 0]"
mergedImage_162,"[3, 1, 0, 0, 0]"
mergedImage_163,"[0, 0, 2, 0, 2]"
mergedImage_164,"[0, 0, 1, 0, 1]"
mergedImage_165,"[0, 0, 0, 2, 1]"
mergedImage_166,"[1, 2, 0, 0, 1]"
mergedImage_167,"[0, 4, 0, 0, 2]"
mergedImage_168,"[0, 1, 0, 1, 1]"
mergedImage_169,"[0, 2, 0, 0, 0]"
mergedImage_170,"[0, 1, 2, 0, 0]"
mergedImage_171,"[2, 0, 3, 0, 1]"
mergedImage_172,"[0, 1, 0, 2, 0]"
mergedImage_173,"[0, 0, 1, 1, 1]"
mergedImage_174,"[0, 1, 1, 0, 0]"
mergedImage_175,"[1, 0, 0, 1, 4]"
mergedImage_176,"[2, 0, 1, 0, 0]"
mergedImage_177,"[2, 1, 2, 1, 0]"
mergedImage_178,"[1, 1, 0, 3, 0]"
mergedImage_179,"[1, 1, 1, 1, 0]"
mergedImage_180,"[2, 2, 0, 0, 2]"
mergedImage_181,"[2, 1, 0, 1, 0]"
mergedImage_182,"[2, 0, 0, 0, 0]"
mergedImage_183,"[0, 1, 1, 1, 0]"
mergedImage_184,"[2, 0, 1, 1, 2]"
mergedImage_185,"[1, 1, 0, 0, 2]"
mergedImage_186,"[0, 3, 0, 0, 0]"
mergedImage_187,"[0, 0, 1, 0, 1]"
mergedImage_188,"[0, 2, 3, 0, 1]"
mergedImage_189,"[0, 1, 0, 1, 3]"
mergedImage_190,"[2, 0, 1, 1, 1]"
mergedImage_191,"[2, 1, 1, 1, 0]"
mergedImage_192,"[2, 2, 1, 1, 0]"
mergedImage_193,"[3, 1, 0, 0, 0]"
mergedImage_194,"[3, 0, 1, 0, 0]"
mergedImage_195,"[1, 0, 1, 0, 0]"
mergedImage_196,"[2, 0, 4, 0, 0]"
mergedImage_197,"[0, 0, 2, 3, 0]"
mergedImage_198,"[0, 0, 2, 2, 1]"
mergedImage_199,"[1, 1, 2, 2, 0]"
mergedImage_200,"[2, 1, 1, 1, 0]"
mergedImage_201,"[0, 0, 0, 2, 1]"
mergedImage_202,"[1, 0, 2, 3, 0]"
mergedImage_203,"[0, 0, 0, 1, 1]"
mergedImage_204,"[0, 1, 1, 0, 1]"
mergedImage_205,"[0, 0, 1, 1, 1]"
mergedImage_206,"[2, 2, 0, 1, 1]"
mergedImage_207,"[1, 1, 1, 1, 0]"
mergedImage_208,"[1, 2, 1, 1, 0]"
mergedImage_209,"[1, 0, 0, 1, 1]"
mergedImage_210,"[1, 0, 0, 1, 1]"
mergedImage_211,"[1, 0, 1, 1, 1]"
mergedImage_212,"[1, 1, 1, 2, 1]"
mergedImage_213,"[1, 2, 0, 0, 0]"
mergedImage_214,"[0, 0, 1, 1, 2]"
mergedImage_215,"[2, 1, 3, 0, 0]"
mergedImage_216,"[1, 0, 1, 2, 1]"
mergedImage_217,"[1, 1, 0, 1, 2]"
mergedImage_218,"[1, 0, 0, 1, 2]"
mergedImage_219,"[1, 2, 1, 0, 1]"
mergedImage_220,"[1, 1, 1, 2, 1]"
mergedImage_221,"[0, 0, 0, 1, 1]"
mergedImage_222,"[1, 2, 2, 0, 1]"
mergedImage_223,"[2, 0, 1, 0, 1]"
mergedImage_224,"[1, 0, 2, 0, 2]"
mergedImage_225,"[1, 2, 0, 2, 1]"
mergedImage_226,"[0, 0, 1, 1, 3]"
mergedImage_227,"[0, 2, 1, 0, 3]"
mergedImage_228,"[0, 2, 1, 1, 2]"
mergedImage_229,"[1, 1, 0, 0, 3]"
mergedImage_230,"[0, 0, 2, 1, 1]"
mergedImage_231,"[0, 1, 1, 0, 1]"
mergedImage_232,"[2, 0, 0, 0, 2]"
mergedImage_233,"[3, 1, 2, 0, 0]"
mergedImage_234,"[2, 0, 0, 0, 1]"
mergedImage_235,"[1, 1, 0, 1, 1]"
mergedImage_236,"[1, 2, 0, 0, 2]"
mergedImage_237,"[3, 1, 0, 1, 0]"
mergedImage_238,"[1, 2, 1, 1, 1]"
mergedImage_239,"[0, 0, 0, 0, 2]"
mergedImage_240,"[0, 1, 2, 1, 0]"
mergedImage_241,"[1, 0, 1, 1, 2]"
mergedImage_242,"[0, 0, 1, 0, 1]"
mergedImage_243,"[0, 2, 1, 1, 1]"
mergedImage_244,"[0, 2, 0, 0, 0]"
mergedImage_245,"[3, 1, 0, 1, 0]"
mergedImage_246,"[0, 2, 1, 0, 0]"
mergedImage_247,"[1, 1, 1, 0, 1]"
mergedImage_248,"[1, 0, 1, 0, 0]"
mergedImage_249,"[1, 0, 0, 2, 0]"
mergedImage_250,"[0, 1, 0, 1, 1]"
mergedImage_251,"[0, 1, 1, 2, 0]"
mergedImage_252,"[0, 1, 3, 1, 0]"
mergedImage_253,"[1, 0, 4, 1, 0]"
mergedImage_254,"[0, 2, 0, 2, 1]"
mergedImage_255,"[1, 1, 1, 1, 1]"
mergedImage_256,"[1, 1, 0, 0, 1]"
mergedImage_257,"[0, 1, 1, 0, 2]"
mergedImage_258,"[1, 0, 2, 0, 2]"
mergedImage_259,"[0, 2, 0, 1, 1]"
mergedImage_260,"[2, 1, 0, 0, 2]"
mergedImage_261,"[0, 0, 1, 2, 0]"
mergedImage_262,"[1, 1, 2, 1, 1]"
mergedImage_263,"[1, 2, 1, 0, 1]"
mergedImage_264,"[1, 0, 0, 0, 2]"
mergedImage_265,"[0, 0, 1, 1, 3]"
mergedImage_266,"[0, 1, 1, 0, 2]"
mergedImage_267,"[1, 0, 2, 0, 2]"
mergedImage_268,"[1, 0, 1, 1, 1]"
mergedImage_269,"[2, 0, 0, 0, 1]"
mergedImage_270,"[0, 1, 4, 1, 0]"
mergedImage_271,"[0, 1, 1, 1, 0]"
mergedImage_272,"[3, 1, 2, 0, 0]"
mergedImage_273,"[2, 0, 0, 0, 2]"
mergedImage_274,"[1, 1, 1, 0, 2]"
mergedImage_275,"[0, 1, 1, 0, 1]"
mergedImage_276,"[0, 3, 0, 1, 0]"
mergedImage_277,"[1, 1, 0, 1, 1]"
mergedImage_278,"[1, 3, 0, 0, 2]"
mergedImage_279,"[1, 0, 1, 0, 0]"
mergedImage_280,"[2, 0, 0, 2, 1]"
mergedImage_281,"[1, 2, 0, 1, 0]"
mergedImage_282,"[1, 1, 0, 0, 0]"
mergedImage_283,"[0, 2, 0, 1, 1]"
mergedImage_284,"[0, 2, 0, 3, 0]"
mergedImage_285,"[2, 1, 0, 0, 0]"
mergedImage_286,"[0, 1, 1, 1, 0]"
mergedImage_287,"[1, 0, 1, 1, 1]"
mergedImage_288,"[1, 0, 1, 1, 1]"
mergedImage_289,"[0, 0, 2, 0, 1]"
mergedImage_290,"[0, 1, 0, 1, 1]"
mergedImage_291,"[0, 0, 0, 2, 0]"
mergedImage_292,"[1, 2, 1, 0, 2]"
mergedImage_293,"[0, 0, 1, 2, 1]"
mergedImage_294,"[0, 1, 0, 0, 1]"
mergedImage_295,"[2, 0, 0, 0, 2]"
mergedImage_296,"[1, 1, 1, 0, 1]"
mergedImage_297,"[0, 4, 0, 0, 1]"
mergedImage_298,"[1, 0, 1, 0, 4]"
mergedImage_299,"[1, 0, 0, 1, 1]"
mergedImage_300,"[1, 0, 0, 0, 1]"
mergedImage_301,"[1, 0, 1, 0, 1]"
mergedImage_302,"[0, 1, 1, 0, 0]"
mergedImage_303,"[1, 0, 0, 2, 0]"
mergedImage_304,"[0, 0, 0, 0, 2]"
mergedImage_305,"[0, 1, 2, 0, 0]"
mergedImage_306,"[2, 1, 0, 3, 0]"
mergedImage_307,"[1, 1, 0, 2, 2]"
mergedImage_308,"[2, 0, 1, 1, 0]"
mergedImage_309,"[0, 2, 0, 2, 1]"
mergedImage_310,"[0, 2, 1, 0, 0]"
mergedImage_311,"[0, 1, 0, 1, 3]"
mergedImage_312,"[2, 1, 1, 1, 1]"
mergedImage_313,"[1, 0, 1, 0, 0]"
mergedImage_314,"[0, 0, 3, 0, 1]"
mergedImage_315,"[1, 1, 2, 1, 1]"
mergedImage_316,"[1, 1, 1, 0, 0]"
mergedImage_317,"[0, 1, 0, 2, 1]"
mergedImage_318,"[1, 2, 0, 0, 1]"
mergedImage_319,"[0, 1, 1, 1, 2]"
mergedImage_320,"[3, 1, 1, 0, 1]"
mergedImage_321,"[0, 1, 1, 0, 1]"
mergedImage_322,"[0, 0, 1, 1, 0]"
mergedImage_323,"[0, 1, 0, 0, 1]"
mergedImage_324,"[0, 2, 0, 1, 0]"
mergedImage_325,"[0, 0, 1, 1, 1]"
mergedImage_326,"[1, 0, 0, 1, 1]"
mergedImage_327,"[0, 0, 0, 1, 1]"
mergedImage_328,"[1, 0, 1, 0, 1]"
mergedImage_329,"[1, 0, 3, 2, 0]"
mergedImage_330,"[0, 0, 2, 0, 0]"
mergedImage_331,"[0, 0, 1, 1, 0]"
mergedImage_332,"[0, 0, 0, 1, 1]"
mergedImage_333,"[1, 0, 0, 1, 0]"
mergedImage_334,"[1, 2, 0, 1, 1]"
mergedImage_335,"[0, 2, 1, 1, 1]"
mergedImage_336,"[0, 1, 0, 0, 1]"
mergedImage_337,"[1, 1, 0, 0, 0]"
mergedImage_338,"[0, 2, 1, 0, 0]"
mergedImage_339,"[0, 0, 0, 0, 4]"
mergedImage_340,"[0, 2, 1, 0, 3]"
mergedImage_341,"[2, 0, 1, 1, 1]"
mergedImage_342,"[2, 1, 0, 2, 1]"
mergedImage_343,"[0, 0, 1, 1, 0]"
mergedImage_344,"[1, 0, 3, 0, 0]"
mergedImage_345,"[1, 0, 1, 0, 1]"
mergedImage_346,"[1, 1, 3, 0, 1]"
mergedImage_347,"[1, 2, 0, 0, 0]"
mergedImage_348,"[1, 2, 0, 1, 2]"
mergedImage_349,"[1, 1, 0, 0, 1]"
mergedImage_350,"[1, 0, 0, 0, 2]"
mergedImage_351,"[0, 2, 0, 1, 0]"
mergedImage_352,"[0, 1, 1, 0, 0]"
mergedImage_353,"[0, 1, 1, 1, 0]"
mergedImage_354,"[0, 3, 1, 0, 0]"
mergedImage_355,"[0, 1, 2, 0, 2]"
mergedImage_356,"[0, 1, 1, 0, 0]"
mergedImage_357,"[1, 0, 0, 1, 0]"
mergedImage_358,"[0, 2, 2, 0, 0]"
mergedImage_359,"[0, 1, 0, 0, 1]"
mergedImage_360,"[0, 0, 1, 1, 0]"
mergedImage_361,"[1, 0, 1, 1, 0]"
mergedImage_362,"[1, 0, 1, 1, 2]"
mergedImage_363,"[1, 0, 0, 0, 2]"
mergedImage_364,"[1, 2, 0, 0, 0]"
mergedImage_365,"[0, 1, 1, 0, 3]"
mergedImage_366,"[1, 3, 0, 0, 1]"
mergedImage_367,"[4, 1, 0, 0, 1]"
mergedImage_368,"[1, 0, 2, 0, 0]"
mergedImage_369,"[1, 3, 2, 0, 0]"
mergedImage_370,"[1, 1, 1, 1, 1]"
mergedImage_371,"[0, 0, 0, 2, 0]"
mergedImage_372,"[2, 2, 0, 2, 0]"
mergedImage_373,"[2, 3, 1, 0, 0]"
mergedImage_374,"[1, 0, 2, 0, 1]"
mergedImage_375,"[1, 2, 0, 1, 1]"
mergedImage_376,"[1, 0, 0, 1, 1]"
mergedImage_377,"[1, 2, 0, 1, 2]"
mergedImage_378,"[3, 0, 0, 1, 2]"
mergedImage_379,"[1, 1, 0, 0, 0]"
mergedImage_380,"[2, 0, 0, 0, 1]"
mergedImage_381,"[1, 1, 2, 1, 0]"
mergedImage_382,"[1, 2, 2, 0, 1]"
mergedImage_383,"[2, 0, 1, 1, 0]"
mergedImage_384,"[0, 0, 2, 3, 1]"
mergedImage_385,"[0, 0, 3, 0, 0]"
mergedImage_386,"[1, 0, 0, 1, 2]"
mergedImage_387,"[0, 3, 2, 0, 0]"
mergedImage_388,"[1, 3, 0, 2, 0]"
mergedImage_389,"[0, 0, 0, 1, 1]"
mergedImage_390,"[0, 3, 2, 0, 0]"
mergedImage_391,"[1, 3, 1, 0, 1]"
mergedImage_392,"[1, 0, 2, 1, 0]"
mergedImage_393,"[1, 0, 0, 0, 1]"
mergedImage_394,"[1, 1, 2, 0, 2]"
mergedImage_395,"[0, 2, 1, 1, 2]"
mergedImage_396,"[2, 0, 1, 1, 1]"
mergedImage_397,"[1, 0, 0, 1, 1]"
mergedImage_398,"[0, 0, 2, 0, 2]"
mergedImage_399,"[3, 1, 0, 0, 0]"
mergedImage_400,"[2, 1, 1, 1, 1]"
mergedImage_401,"[0, 0, 1, 2, 2]"
mergedImage_402,"[0, 0, 1, 3, 1]"
mergedImage_403,"[2, 1, 0, 1, 0]"
mergedImage_404,"[1, 0, 0, 2, 2]"
mergedImage_405,"[1, 2, 0, 1, 0]"
mergedImage_406,"[3, 1, 1, 0, 1]"
mergedImage_407,"[0, 1, 0, 1, 0]"
mergedImage_408,"[1, 2, 1, 0, 2]"
mergedImage_409,"[2, 0, 1, 1, 1]"
mergedImage_410,"[1, 0, 1, 1, 1]"
mergedImage_411,"[2, 0, 1, 0, 1]"
mergedImage_412,"[0, 0, 0, 3, 1]"
mergedImage_413,"[2, 0, 1, 1, 0]"
mergedImage_414,"[3, 0, 1, 0, 1]"
mergedImage_415,"[0, 1, 0, 1, 0]"
mergedImage_416,"[1, 1, 0, 1, 0]"
mergedImage_417,"[1, 0, 0, 1, 1]"
mergedImage_418,"[1, 1, 2, 2, 0]"
mergedImage_419,"[0, 0, 2, 0, 1]"
mergedImage_420,"[1, 1, 2, 1, 1]"
mergedImage_421,"[0, 1, 3, 1, 1]"
mergedImage_422,"[0, 2, 1, 1, 1]"
mergedImage_423,"[2, 0, 1, 2, 1]"
mergedImage_424,"[0, 2, 0, 1, 2]"
mergedImage_425,"[2, 0, 0, 0, 0]"
mergedImage_426,"[0, 2, 0, 1, 1]"
mergedImage_427,"[0, 2, 1, 1, 2]"
mergedImage_428,"[0, 1, 0, 1, 0]"
mergedImage_429,"[0, 1, 2, 1, 1]"
mergedImage_430,"[0, 1, 1, 0, 0]"
mergedImage_431,"[1, 2, 0, 0, 2]"
mergedImage_432,"[3, 0, 0, 1, 0]"
mergedImage_433,"[0, 2, 0, 1, 1]"
mergedImage_434,"[2, 0, 0, 0, 1]"
mergedImage_435,"[1, 1, 1, 2, 1]"
mergedImage_436,"[2, 1, 0, 0, 0]"
mergedImage_437,"[1, 0, 1, 0, 0]"
mergedImage_438,"[0, 0, 1, 2, 1]"
mergedImage_439,"[2, 1, 2, 0, 0]"
mergedImage_440,"[0, 1, 1, 1, 0]"
mergedImage_441,"[1, 0, 1, 2, 1]"
mergedImage_442,"[1, 0, 0, 1, 1]"
mergedImage_443,"[5, 1, 0, 0, 0]"
mergedImage_444,"[1, 0, 0, 1, 3]"
mergedImage_445,"[0, 2, 1, 0, 2]"
mergedImage_446,"[3, 0, 1, 0, 1]"
mergedImage_447,"[1, 1, 1, 0, 2]"
mergedImage_448,"[0, 0, 2, 0, 1]"
mergedImage_449,"[0, 0, 1, 1, 0]"
mergedImage_450,"[1, 1, 1, 0, 0]"
mergedImage_451,"[0, 1, 1, 0, 3]"
mergedImage_452,"[0, 1, 1, 0, 0]"
mergedImage_453,"[0, 0, 2, 0, 0]"
mergedImage_454,"[0, 0, 0, 0, 2]"
mergedImage_455,"[1, 1, 1, 0, 0]"
mergedImage_456,"[1, 1, 0, 0, 0]"
mergedImage_457,"[1, 0, 2, 1, 1]"
mergedImage_458,"[1, 0, 1, 0, 1]"
mergedImage_459,"[0, 1, 1, 0, 0]"
mergedImage_460,"[1, 1, 0, 0, 0]"
mergedImage_461,"[3, 1, 0, 0, 0]"
mergedImage_462,"[1, 0, 0, 1, 1]"
mergedImage_463,"[2, 0, 0, 1, 2]"
mergedImage_464,"[2, 0, 1, 0, 0]"
mergedImage_465,"[1, 1, 0, 0, 1]"
mergedImage_466,"[0, 1, 0, 0, 1]"
mergedImage_467,"[0, 1, 1, 1, 0]"
mergedImage_468,"[1, 0, 2, 1, 0]"
mergedImage_469,"[0, 0, 1, 1, 0]"
mergedImage_470,"[1, 1, 2, 0, 2]"
mergedImage_471,"[1, 1, 0, 1, 0]"
mergedImage_472,"[0, 1, 0, 0, 2]"
mergedImage_473,"[1, 0, 2, 1, 0]"
mergedImage_474,"[1, 1, 1, 0, 0]"
mergedImage_475,"[2, 1, 1, 0, 1]"
mergedImage_476,"[0, 0, 0, 3, 0]"
mergedImage_477,"[1, 1, 1, 2, 0]"
mergedImage_478,"[0, 0, 0, 1, 2]"
mergedImage_479,"[2, 2, 0, 1, 1]"
mergedImage_480,"[0, 1, 1, 2, 2]"
mergedImage_481,"[0, 0, 1, 3, 0]"
mergedImage_482,"[0, 2, 1, 0, 3]"
mergedImage_483,"[1, 2, 1, 1, 1]"
mergedImage_484,"[1, 0, 1, 0, 0]"
mergedImage_485,"[1, 1, 2, 2, 0]"
mergedImage_486,"[1, 0, 1, 0, 0]"
mergedImage_487,"[0, 1, 0, 2, 2]"
mergedImage_488,"[0, 0, 2, 1, 1]"
mergedImage_489,"[0, 0, 3, 1, 1]"
mergedImage_490,"[1, 1, 2, 2, 0]"
mergedImage_491,"[0, 1, 0, 0, 1]"
mergedImage_492,"[2, 1, 0, 0, 1]"
mergedImage_493,"[1, 3, 1, 1, 0]"
mergedImage_494,"[1, 0, 2, 0, 0]"
mergedImage_495,"[0, 0, 1, 0, 1]"
mergedImage_496,"[1, 0, 0, 0, 1]"
mergedImage_497,"[0, 0, 0, 1, 1]"
mergedImage_498,"[0, 1, 1, 3, 0]"
mergedImage_499,"[3, 1, 0, 1, 1]"
mergedImage_500,"[0, 0, 1, 1, 2]"
mergedImage_501,"[1, 0, 0, 1, 2]"
mergedImage_502,"[0, 0, 0, 0, 2]"
mergedImage_503,"[0, 1, 0, 1, 0]"
mergedImage_504,"[1, 0, 1, 0, 1]"
mergedImage_505,"[0, 0, 1, 0, 1]"
mergedImage_506,"[0, 1, 1, 3, 1]"
mergedImage_507,"[1, 0, 0, 0, 2]"
mergedImage_508,"[1, 3, 1, 0, 1]"
mergedImage_509,"[0, 1, 1, 3, 1]"
mergedImage_510,"[0, 2, 0, 2, 0]"
mergedImage_511,"[2, 2, 2, 0, 0]"
mergedImage_512,"[0, 0, 2, 0, 0]"
mergedImage_513,"[0, 0, 1, 0, 1]"
mergedImage_514,"[0, 1, 2, 1, 2]"
mergedImage_515,"[0, 1, 1, 1, 1]"
mergedImage_516,"[0, 1, 2, 1, 0]"
mergedImage_517,"[0, 2, 0, 0, 0]"
mergedImage_518,"[1, 1, 0, 0, 0]"
mergedImage_519,"[1, 1, 0, 1, 0]"
mergedImage_520,"[0, 0, 0, 1, 1]"
mergedImage_521,"[2, 1, 0, 1, 2]"
mergedImage_522,"[1, 1, 0, 1, 0]"
mergedImage_523,"[0, 2, 0, 0, 0]"
mergedImage_524,"[2, 1, 0, 1, 0]"
mergedImage_525,"[2, 1, 0, 1, 2]"
mergedImage_526,"[0, 0, 1, 1, 2]"
mergedImage_527,"[2, 0, 0, 2, 0]"
mergedImage_528,"[1, 1, 0, 0, 0]"
mergedImage_529,"[2, 1, 0, 1, 1]"
mergedImage_530,"[1, 0, 0, 1, 0]"
mergedImage_531,"[1, 1, 0, 1, 2]"
mergedImage_532,"[0, 4, 0, 1, 1]"
mergedImage_533,"[1, 2, 0, 1, 1]"
mergedImage_534,"[0, 2, 0, 1, 0]"
mergedImage_535,"[0, 0, 0, 1, 1]"
mergedImage_536,"[2, 1, 0, 0, 0]"
mergedImage_537,"[0, 1, 1, 0, 0]"
mergedImage_538,"[0, 0, 1, 1, 1]"
mergedImage_539,"[2, 1, 0, 2, 0]"
mergedImage_540,"[2, 1, 0, 1, 2]"
mergedImage_541,"[4, 1, 0, 1, 0]"
mergedImage_542,"[1, 1, 2, 0, 1]"
mergedImage_543,"[0, 3, 0, 0, 1]"
mergedImage_544,"[2, 1, 0, 2, 0]"
mergedImage_545,"[1, 0, 2, 1, 2]"
mergedImage_546,"[0, 1, 1, 1, 0]"
mergedImage_547,"[0, 1, 0, 0, 1]"
mergedImage_548,"[1, 1, 1, 1, 2]"
mergedImage_549,"[1, 0, 0, 0, 1]"
mergedImage_550,"[1, 0, 2, 0, 1]"
mergedImage_551,"[2, 1, 1, 0, 2]"
mergedImage_552,"[1, 3, 1, 0, 1]"
mergedImage_553,"[0, 1, 0, 1, 1]"
mergedImage_554,"[1, 0, 2, 1, 1]"
mergedImage_555,"[3, 1, 0, 1, 0]"
mergedImage_556,"[1, 2, 0, 0, 3]"
mergedImage_557,"[1, 1, 2, 0, 0]"
mergedImage_558,"[0, 0, 0, 0, 2]"
mergedImage_559,"[2, 1, 1, 0, 2]"
mergedImage_560,"[1, 0, 0, 1, 2]"
mergedImage_561,"[1, 1, 0, 1, 0]"
mergedImage_562,"[0, 1, 1, 0, 0]"
mergedImage_563,"[0, 1, 1, 0, 2]"
mergedImage_564,"[1, 1, 1, 0, 1]"
mergedImage_565,"[0, 3, 0, 0, 1]"
mergedImage_566,"[0, 0, 4, 2, 0]"
mergedImage_567,"[0, 1, 1, 0, 0]"
mergedImage_568,"[2, 1, 1, 1, 0]"
mergedImage_569,"[0, 1, 1, 0, 0]"
mergedImage_570,"[1, 0, 0, 0, 2]"
mergedImage_571,"[1, 0, 2, 1, 0]"
mergedImage_572,"[3, 0, 0, 0, 1]"
mergedImage_573,"[1, 2, 0, 2, 1]"
mergedImage_574,"[0, 1, 1, 0, 1]"
mergedImage_575,"[0, 0, 1, 1, 0]"
mergedImage_576,"[0, 0, 1, 1, 0]"
mergedImage_577,"[0, 1, 2, 1, 0]"
mergedImage_578,"[0, 1, 1, 0, 1]"
mergedImage_579,"[2, 2, 1, 1, 0]"
mergedImage_580,"[1, 0, 1, 0, 2]"
mergedImage_581,"[0, 2, 0, 1, 0]"
mergedImage_582,"[0, 1, 0, 1, 3]"
mergedImage_583,"[0, 0, 0, 0, 2]"
mergedImage_584,"[3, 1, 0, 0, 1]"
mergedImage_585,"[0, 1, 3, 1, 0]"
mergedImage_586,"[0, 0, 1, 1, 0]"
mergedImage_587,"[0, 2, 0, 0, 1]"
mergedImage_588,"[1, 0, 0, 3, 0]"
mergedImage_589,"[2, 0, 2, 1, 1]"
mergedImage_590,"[0, 0, 1, 1, 0]"
mergedImage_591,"[1, 0, 0, 0, 3]"
mergedImage_592,"[1, 1, 1, 1, 1]"
mergedImage_593,"[2, 2, 1, 0, 1]"
mergedImage_594,"[1, 1, 0, 1, 2]"
mergedImage_595,"[0, 0, 1, 2, 1]"
mergedImage_596,"[1, 0, 2, 0, 0]"
mergedImage_597,"[1, 0, 2, 0, 1]"
mergedImage_598,"[1, 1, 1, 1, 1]"
mergedImage_599,"[2, 1, 0, 1, 1]"
mergedImage_600,"[1, 1, 0, 0, 1]"
mergedImage_601,"[2, 0, 2, 1, 1]"
mergedImage_602,"[2, 1, 0, 1, 0]"
mergedImage_603,"[0, 2, 1, 0, 1]"
mergedImage_604,"[1, 1, 0, 2, 2]"
mergedImage_605,"[0, 0, 0, 1, 1]"
mergedImage_606,"[0, 1, 1, 3, 1]"
mergedImage_607,"[1, 1, 0, 0, 2]"
mergedImage_608,"[0, 1, 2, 2, 1]"
mergedImage_609,"[2, 2, 2, 0, 0]"
mergedImage_610,"[1, 0, 1, 0, 0]"
mergedImage_611,"[2, 0, 0, 0, 1]"
mergedImage_612,"[1, 0, 0, 2, 1]"
mergedImage_613,"[0, 0, 0, 1, 2]"
mergedImage_614,"[1, 1, 0, 1, 0]"
mergedImage_615,"[0, 0, 2, 2, 1]"
mergedImage_616,"[3, 0, 2, 1, 0]"
mergedImage_617,"[0, 1, 2, 2, 1]"
mergedImage_618,"[0, 1, 1, 2, 2]"
mergedImage_619,"[1, 0, 1, 1, 3]"
mergedImage_620,"[1, 0, 0, 1, 1]"
mergedImage_621,"[1, 1, 1, 1, 0]"
mergedImage_622,"[1, 0, 2, 0, 1]"
mergedImage_623,"[3, 0, 0, 0, 0]"
mergedImage_624,"[0, 0, 0, 1, 3]"
mergedImage_625,"[1, 1, 1, 1, 1]"
mergedImage_626,"[0, 1, 2, 1, 0]"
mergedImage_627,"[2, 0, 0, 0, 2]"
mergedImage_628,"[0, 0, 1, 0, 3]"
mergedImage_629,"[0, 1, 0, 1, 0]"
mergedImage_630,"[0, 1, 0, 3, 0]"
mergedImage_631,"[1, 1, 2, 0, 2]"
mergedImage_632,"[1, 1, 1, 2, 1]"
mergedImage_633,"[1, 0, 0, 1, 0]"
mergedImage_634,"[0, 2, 1, 1, 0]"
mergedImage_635,"[0, 0, 0, 1, 1]"
mergedImage_636,"[2, 0, 2, 2, 0]"
mergedImage_637,"[0, 3, 1, 0, 1]"
mergedImage_638,"[1, 1, 0, 1, 2]"
mergedImage_639,"[2, 0, 0, 1, 3]"
mergedImage_640,"[2, 0, 0, 1, 0]"
mergedImage_641,"[1, 0, 2, 0, 0]"
mergedImage_642,"[0, 1, 1, 2, 1]"
mergedImage_643,"[0, 0, 1, 1, 1]"
mergedImage_644,"[1, 1, 0, 2, 2]"
mergedImage_645,"[0, 1, 3, 0, 0]"
mergedImage_646,"[1, 1, 0, 1, 0]"
mergedImage_647,"[2, 0, 1, 1, 0]"
mergedImage_648,"[2, 0, 0, 0, 1]"
mergedImage_649,"[2, 1, 0, 0, 0]"
mergedImage_650,"[2, 0, 0, 1, 1]"
mergedImage_651,"[0, 0, 0, 0, 2]"
mergedImage_652,"[0, 0, 1, 0, 1]"
mergedImage_653,"[1, 0, 0, 0, 2]"
mergedImage_654,"[0, 0, 2, 3, 1]"
mergedImage_655,"[0, 0, 1, 0, 1]"
mergedImage_656,"[2, 1, 2, 0, 0]"
mergedImage_657,"[1, 3, 0, 1, 1]"
mergedImage_658,"[0, 0, 3, 0, 1]"
mergedImage_659,"[3, 0, 0, 1, 2]"
mergedImage_660,"[0, 1, 3, 0, 1]"
mergedImage_661,"[1, 1, 0, 0, 2]"
mergedImage_662,"[1, 0, 0, 1, 0]"
mergedImage_663,"[0, 0, 2, 1, 1]"
mergedImage_664,"[0, 0, 1, 0, 1]"
mergedImage_665,"[0, 0, 1, 0, 1]"
mergedImage_666,"[4, 0, 0, 0, 1]"
mergedImage_667,"[1, 2, 1, 1, 0]"
mergedImage_668,"[1, 3, 0, 1, 0]"
mergedImage_669,"[0, 0, 1, 0, 1]"
mergedImage_670,"[1, 0, 2, 0, 2]"
mergedImage_671,"[2, 0, 0, 0, 2]"
mergedImage_672,"[0, 2, 2, 0, 1]"
mergedImage_673,"[0, 2, 1, 0, 0]"
mergedImage_674,"[0, 2, 0, 1, 1]"
mergedImage_675,"[0, 1, 0, 2, 1]"
mergedImage_676,"[0, 2, 1, 0, 1]"
mergedImage_677,"[1, 1, 1, 1, 0]"
mergedImage_678,"[2, 1, 0, 1, 2]"
mergedImage_679,"[0, 1, 2, 2, 1]"
mergedImage_680,"[0, 2, 1, 2, 1]"
mergedImage_681,"[2, 0, 0, 0, 2]"
mergedImage_682,"[1, 1, 0, 1, 3]"
mergedImage_683,"[0, 0, 0, 0, 3]"
mergedImage_684,"[1, 0, 1, 1, 0]"
mergedImage_685,"[0, 1, 1, 2, 2]"
mergedImage_686,"[1, 1, 1, 1, 0]"
mergedImage_687,"[2, 1, 1, 1, 0]"
mergedImage_688,"[0, 1, 1, 2, 2]"
mergedImage_689,"[1, 0, 0, 1, 1]"
mergedImage_690,"[4, 0, 0, 1, 1]"
mergedImage_691,"[2, 1, 0, 0, 0]"
mergedImage_692,"[1, 1, 0, 0, 1]"
mergedImage_693,"[3, 1, 1, 0, 0]"
mergedImage_694,"[2, 1, 0, 3, 0]"
mergedImage_695,"[1, 0, 0, 1, 3]"
mergedImage_696,"[1, 1, 0, 0, 1]"
mergedImage_697,"[1, 1, 1, 2, 1]"
mergedImage_698,"[0, 0, 0, 0, 2]"
mergedImage_699,"[1, 1, 1, 0, 0]"
mergedImage_700,"[1, 1, 1, 2, 1]"
mergedImage_701,"[1, 0, 0, 1, 0]"
mergedImage_702,"[1, 1, 0, 0, 0]"
mergedImage_703,"[0, 0, 2, 0, 1]"
mergedImage_704,"[0, 1, 2, 0, 0]"
mergedImage_705,"[1, 1, 1, 0, 0]"
mergedImage_706,"[1, 0, 0, 3, 0]"
mergedImage_707,"[2, 2, 0, 1, 1]"
mergedImage_708,"[0, 1, 1, 1, 0]"
mergedImage_709,"[0, 1, 0, 2, 1]"
mergedImage_710,"[0, 2, 0, 1, 0]"
mergedImage_711,"[1, 1, 0, 2, 2]"
mergedImage_712,"[0, 1, 0, 1, 0]"
mergedImage_713,"[1, 0, 1, 1, 1]"
mergedImage_714,"[1, 1, 2, 1, 1]"
mergedImage_715,"[0, 0, 0, 0, 2]"
mergedImage_716,"[2, 0, 0, 1, 0]"
mergedImage_717,"[0, 1, 0, 1, 0]"
mergedImage_718,"[0, 1, 0, 1, 0]"
mergedImage_719,"[0, 1, 1, 0, 1]"
mergedImage_720,"[0, 1, 0, 1, 0]"
mergedImage_721,"[1, 0, 0, 2, 0]"
mergedImage_722,"[1, 0, 1, 1, 0]"
mergedImage_723,"[1, 2, 1, 0, 0]"
mergedImage_724,"[2, 0, 1, 1, 2]"
mergedImage_725,"[1, 1, 1, 1, 0]"
mergedImage_726,"[0, 0, 0, 2, 0]"
mergedImage_727,"[1, 1, 0, 1, 0]"
mergedImage_728,"[2, 1, 1, 0, 1]"
mergedImage_729,"[1, 0, 1, 0, 0]"
mergedImage_730,"[0, 3, 0, 0, 0]"
mergedImage_731,"[0, 3, 2, 0, 1]"
mergedImage_732,"[1, 1, 0, 0, 1]"
mergedImage_733,"[0, 0, 0, 1, 1]"
mergedImage_734,"[1, 1, 0, 1, 2]"
mergedImage_735,"[0, 0, 1, 2, 0]"
mergedImage_736,"[1, 0, 0, 1, 2]"
mergedImage_737,"[1, 2, 2, 0, 0]"
mergedImage_738,"[3, 1, 0, 1, 1]"
mergedImage_739,"[1, 0, 2, 1, 1]"
mergedImage_740,"[0, 1, 1, 0, 1]"
mergedImage_741,"[2, 0, 1, 1, 2]"
mergedImage_742,"[1, 0, 2, 0, 0]"
mergedImage_743,"[0, 1, 1, 2, 2]"
mergedImage_744,"[0, 0, 0, 1, 1]"
mergedImage_745,"[1, 2, 1, 2, 0]"
mergedImage_746,"[1, 2, 2, 0, 0]"
mergedImage_747,"[0, 1, 1, 1, 2]"
mergedImage_748,"[0, 1, 0, 0, 1]"
mergedImage_749,"[2, 1, 0, 0, 0]"
mergedImage_750,"[1, 1, 0, 1, 0]"
mergedImage_751,"[2, 0, 1, 1, 1]"
mergedImage_752,"[1, 0, 1, 2, 2]"
mergedImage_753,"[2, 0, 1, 1, 0]"
mergedImage_754,"[1, 0, 1, 0, 1]"
mergedImage_755,"[1, 1, 1, 0, 0]"
mergedImage_756,"[0, 0, 0, 2, 0]"
mergedImage_757,"[1, 3, 0, 1, 1]"
mergedImage_758,"[0, 0, 0, 2, 0]"
mergedImage_759,"[1, 0, 1, 2, 0]"
mergedImage_760,"[3, 1, 1, 1, 0]"
mergedImage_761,"[1, 0, 0, 2, 0]"
mergedImage_762,"[1, 1, 1, 1, 1]"
mergedImage_763,"[0, 0, 2, 1, 1]"
mergedImage_764,"[0, 0, 3, 1, 2]"
mergedImage_765,"[0, 3, 1, 2, 0]"
mergedImage_766,"[2, 2, 1, 0, 1]"
mergedImage_767,"[0, 1, 0, 2, 0]"
mergedImage_768,"[1, 2, 0, 0, 2]"
mergedImage_769,"[1, 2, 1, 1, 1]"
mergedImage_770,"[0, 0, 1, 2, 0]"
mergedImage_771,"[0, 1, 0, 0, 1]"
mergedImage_772,"[0, 0, 1, 0, 2]"
mergedImage_773,"[0, 1, 0, 1, 1]"
mergedImage_774,"[2, 2, 1, 0, 0]"
mergedImage_775,"[1, 1, 0, 2, 0]"
mergedImage_776,"[0, 1, 2, 0, 0]"
mergedImage_777,"[1, 1, 1, 2, 1]"
mergedImage_778,"[0, 1, 1, 0, 0]"
mergedImage_779,"[0, 1, 3, 0, 2]"
mergedImage_780,"[0, 0, 0, 1, 2]"
mergedImage_781,"[1, 0, 0, 1, 2]"
mergedImage_782,"[1, 1, 0, 1, 1]"
mergedImage_783,"[1, 0, 1, 0, 0]"
mergedImage_784,"[2, 0, 0, 0, 0]"
mergedImage_785,"[3, 0, 2, 1, 0]"
mergedImage_786,"[2, 0, 0, 0, 0]"
mergedImage_787,"[0, 0, 0, 1, 1]"
mergedImage_788,"[2, 0, 0, 3, 0]"
mergedImage_789,"[1, 0, 1, 1, 0]"
mergedImage_790,"[0, 0, 1, 0, 1]"
mergedImage_791,"[2, 1, 0, 2, 1]"
mergedImage_792,"[0, 0, 2, 0, 2]"
mergedImage_793,"[0, 0, 0, 2, 1]"
mergedImage_794,"[0, 1, 1, 1, 0]"
mergedImage_795,"[1, 0, 3, 1, 0]"
mergedImage_796,"[0, 1, 0, 2, 0]"
mergedImage_797,"[0, 0, 1, 0, 2]"
mergedImage_798,"[1, 1, 1, 2, 1]"
mergedImage_799,"[2, 1, 0, 1, 0]"
mergedImage_800,"[0, 1, 1, 0, 2]"
mergedImage_801,"[0, 0, 2, 0, 0]"
mergedImage_802,"[0, 0, 1, 0, 1]"
mergedImage_803,"[2, 0, 2, 2, 0]"
mergedImage_804,"[1, 1, 2, 1, 1]"
mergedImage_805,"[3, 1, 0, 0, 0]"
mergedImage_806,"[1, 0, 0, 1, 2]"
mergedImage_807,"[1, 1, 1, 1, 0]"
mergedImage_808,"[1, 2, 0, 0, 1]"
mergedImage_809,"[0, 1, 1, 2, 2]"
mergedImage_810,"[1, 0, 0, 0, 1]"
mergedImage_811,"[0, 2, 1, 2, 0]"
mergedImage_812,"[0, 0, 0, 1, 1]"
mergedImage_813,"[0, 0, 1, 2, 0]"
mergedImage_814,"[0, 0, 1, 0, 1]"
mergedImage_815,"[2, 0, 0, 1, 3]"
mergedImage_816,"[1, 0, 2, 0, 1]"
mergedImage_817,"[2, 0, 0, 0, 1]"
mergedImage_818,"[2, 1, 1, 2, 0]"
mergedImage_819,"[0, 2, 0, 2, 0]"
mergedImage_820,"[1, 1, 0, 0, 1]"
mergedImage_821,"[1, 0, 0, 1, 1]"
mergedImage_822,"[1, 0, 2, 0, 0]"
mergedImage_823,"[1, 0, 0, 1, 1]"
mergedImage_824,"[2, 0, 1, 0, 1]"
mergedImage_825,"[0, 0, 3, 1, 1]"
mergedImage_826,"[0, 2, 3, 0, 1]"
mergedImage_827,"[1, 1, 0, 0, 1]"
mergedImage_828,"[0, 0, 2, 1, 0]"
mergedImage_829,"[1, 0, 0, 1, 0]"
mergedImage_830,"[1, 2, 1, 0, 0]"
mergedImage_831,"[2, 1, 0, 1, 1]"
mergedImage_832,"[1, 3, 0, 1, 1]"
mergedImage_833,"[0, 0, 1, 1, 0]"
mergedImage_834,"[0, 1, 1, 0, 0]"
mergedImage_835,"[0, 1, 2, 2, 1]"
mergedImage_836,"[0, 2, 2, 0, 0]"
mergedImage_837,"[0, 2, 1, 1, 1]"
mergedImage_838,"[3, 0, 1, 1, 1]"
mergedImage_839,"[0, 1, 0, 1, 0]"
mergedImage_840,"[1, 1, 1, 1, 1]"
mergedImage_841,"[1, 1, 2, 0, 2]"
mergedImage_842,"[1, 1, 1, 1, 0]"
mergedImage_843,"[0, 1, 1, 1, 0]"
mergedImage_844,"[1, 1, 1, 0, 1]"
mergedImage_845,"[2, 0, 0, 0, 0]"
mergedImage_846,"[1, 1, 0, 0, 2]"
mergedImage_847,"[0, 0, 1, 1, 2]"
mergedImage_848,"[0, 0, 0, 1, 1]"
mergedImage_849,"[0, 0, 0, 2, 0]"
mergedImage_850,"[0, 1, 0, 0, 2]"
mergedImage_851,"[0, 2, 1, 1, 0]"
mergedImage_852,"[1, 2, 0, 2, 1]"
mergedImage_853,"[1, 1, 0, 1, 1]"
mergedImage_854,"[1, 1, 0, 1, 1]"
mergedImage_855,"[1, 0, 1, 0, 0]"
mergedImage_856,"[0, 1, 1, 0, 1]"
mergedImage_857,"[0, 1, 1, 2, 1]"
mergedImage_858,"[1, 0, 1, 0, 1]"
mergedImage_859,"[1, 2, 2, 0, 1]"
mergedImage_860,"[1, 0, 1, 2, 2]"
mergedImage_861,"[0, 1, 1, 0, 2]"
mergedImage_862,"[1, 1, 0, 0, 0]"
mergedImage_863,"[1, 2, 0, 0, 0]"
mergedImage_864,"[0, 0, 1, 3, 2]"
mergedImage_865,"[0, 0, 0, 1, 1]"
mergedImage_866,"[1, 1, 1, 0, 0]"
mergedImage_867,"[0, 2, 0, 1, 2]"
mergedImage_868,"[0, 1, 0, 2, 0]"
mergedImage_869,"[2, 0, 0, 0, 0]"
mergedImage_870,"[1, 1, 1, 1, 0]"
mergedImage_871,"[2, 1, 0, 1, 1]"
mergedImage_872,"[0, 1, 1, 1, 2]"
mergedImage_873,"[2, 0, 2, 0, 0]"
mergedImage_874,"[1, 0, 4, 0, 0]"
mergedImage_875,"[1, 1, 1, 0, 2]"
mergedImage_876,"[0, 0, 1, 1, 0]"
mergedImage_877,"[1, 2, 1, 0, 1]"
mergedImage_878,"[0, 1, 0, 1, 0]"
mergedImage_879,"[0, 1, 1, 1, 1]"
mergedImage_880,"[1, 1, 1, 0, 0]"
mergedImage_881,"[2, 2, 0, 0, 0]"
mergedImage_882,"[0, 0, 1, 2, 1]"
mergedImage_883,"[0, 1, 1, 0, 0]"
mergedImage_884,"[2, 0, 0, 1, 0]"
mergedImage_885,"[0, 2, 0, 1, 1]"
mergedImage_886,"[1, 1, 1, 0, 0]"
mergedImage_887,"[0, 0, 0, 3, 0]"
mergedImage_888,"[1, 0, 1, 0, 2]"
mergedImage_889,"[0, 1, 0, 0, 1]"
mergedImage_890,"[0, 0, 1, 0, 1]"
mergedImage_891,"[1, 2, 0, 0, 1]"
mergedImage_892,"[1, 0, 0, 1, 0]"
mergedImage_893,"[0, 0, 1, 1, 2]"
mergedImage_894,"[0, 1, 1, 3, 0]"
mergedImage_895,"[1, 0, 1, 1, 0]"
mergedImage_896,"[0, 1, 0, 3, 0]"
mergedImage_897,"[0, 1, 0, 1, 0]"
mergedImage_898,"[0, 2, 0, 1, 3]"
mergedImage_899,"[2, 0, 1, 0, 1]"
mergedImage_900,"[1, 1, 1, 0, 1]"
mergedImage_901,"[0, 1, 0, 1, 0]"
mergedImage_902,"[0, 2, 1, 1, 0]"
mergedImage_903,"[2, 1, 0, 0, 1]"
mergedImage_904,"[0, 0, 1, 0, 1]"
mergedImage_905,"[0, 1, 0, 5, 0]"
mergedImage_906,"[0, 1, 1, 2, 1]"
mergedImage_907,"[0, 1, 0, 1, 3]"
mergedImage_908,"[0, 1, 2, 1, 1]"
mergedImage_909,"[0, 1, 1, 2, 0]"
mergedImage_910,"[0, 0, 2, 2, 0]"
mergedImage_911,"[1, 1, 0, 2, 2]"
mergedImage_912,"[2, 1, 2, 0, 0]"
mergedImage_913,"[0, 1, 1, 1, 0]"
mergedImage_914,"[0, 0, 2, 2, 1]"
mergedImage_915,"[1, 2, 1, 0, 0]"
mergedImage_916,"[0, 1, 0, 0, 1]"
mergedImage_917,"[2, 0, 1, 0, 0]"
mergedImage_918,"[0, 1, 1, 0, 1]"
mergedImage_919,"[0, 1, 4, 0, 0]"
mergedImage_920,"[1, 0, 2, 1, 0]"
mergedImage_921,"[0, 1, 1, 1, 1]"
mergedImage_922,"[1, 1, 0, 2, 0]"
mergedImage_923,"[0, 1, 1, 2, 1]"
mergedImage_924,"[0, 0, 1, 1, 1]"
mergedImage_925,"[1, 0, 0, 0, 3]"
mergedImage_926,"[0, 2, 1, 0, 0]"
mergedImage_927,"[0, 1, 1, 0, 2]"
mergedImage_928,"[2, 0, 1, 1, 2]"
mergedImage_929,"[1, 1, 2, 1, 0]"
mergedImage_930,"[1, 2, 0, 0, 0]"
mergedImage_931,"[1, 0, 0, 0, 1]"
mergedImage_932,"[0, 1, 2, 1, 0]"
mergedImage_933,"[0, 1, 0, 1, 0]"
mergedImage_934,"[2, 1, 0, 3, 0]"
mergedImage_935,"[0, 1, 0, 1, 1]"
mergedImage_936,"[2, 0, 0, 1, 0]"
mergedImage_937,"[0, 1, 1, 0, 0]"
mergedImage_938,"[2, 0, 0, 1, 0]"
mergedImage_939,"[1, 1, 0, 1, 1]"
mergedImage_940,"[1, 1, 0, 1, 1]"
mergedImage_941,"[1, 3, 0, 0, 1]"
mergedImage_942,"[0, 0, 0, 2, 0]"
mergedImage_943,"[0, 2, 0, 0, 0]"
mergedImage_944,"[1, 0, 3, 1, 1]"
mergedImage_945,"[4, 1, 0, 0, 1]"
mergedImage_946,"[2, 0, 1, 1, 0]"
mergedImage_947,"[0, 3, 0, 0, 2]"
mergedImage_948,"[0, 0, 2, 0, 0]"
mergedImage_949,"[2, 1, 1, 0, 0]"
mergedImage_950,"[4, 0, 0, 0, 1]"
mergedImage_951,"[0, 1, 0, 1, 2]"
mergedImage_952,"[0, 2, 0, 0, 0]"
mergedImage_953,"[1, 0, 1, 0, 0]"
mergedImage_954,"[2, 2, 0, 0, 1]"
mergedImage_955,"[0, 1, 2, 2, 0]"
mergedImage_956,"[0, 1, 1, 0, 0]"
mergedImage_957,"[1, 0, 0, 2, 1]"
mergedImage_958,"[1, 0, 0, 0, 1]"
mergedImage_959,"[0, 1, 2, 0, 1]"
mergedImage_960,"[3, 0, 1, 1, 1]"
mergedImage_961,"[0, 0, 0, 0, 2]"
mergedImage_962,"[1, 1, 1, 0, 2]"
mergedImage_963,"[1, 1, 1, 1, 1]"
mergedImage_964,"[0, 1, 3, 1, 0]"
mergedImage_965,"[2, 1, 1, 0, 0]"
mergedImage_966,"[3, 0, 0, 2, 1]"
mergedImage_967,"[1, 0, 3, 0, 2]"
mergedImage_968,"[0, 0, 2, 0, 1]"
mergedImage_969,"[1, 2, 0, 2, 0]"
mergedImage_970,"[1, 1, 2, 2, 0]"
mergedImage_971,"[1, 0, 1, 0, 0]"
mergedImage_972,"[1, 0, 0, 1, 2]"
mergedImage_973,"[3, 0, 1, 0, 1]"
mergedImage_974,"[0, 1, 0, 1, 0]"
mergedImage_975,"[1, 2, 1, 0, 0]"
mergedImage_976,"[2, 0, 2, 0, 2]"
mergedImage_977,"[2, 2, 2, 0, 0]"
mergedImage_978,"[1, 0, 1, 1, 0]"
mergedImage_979,"[0, 1, 1, 0, 0]"
mergedImage_980,"[0, 2, 1, 1, 0]"
mergedImage_981,"[1, 0, 2, 1, 2]"
mergedImage_982,"[1, 1, 0, 0, 0]"
mergedImage_983,"[3, 1, 1, 0, 1]"
mergedImage_984,"[2, 0, 1, 1, 0]"
mergedImage_985,"[0, 0, 0, 2, 2]"
mergedImage_986,"[2, 1, 1, 1, 1]"
mergedImage_987,"[1, 0, 0, 0, 1]"
mergedImage_988,"[3, 0, 1, 0, 0]"
mergedImage_989,"[0, 0, 0, 1, 1]"
mergedImage_990,"[1, 0, 1, 0, 2]"
mergedImage_991,"[1, 0, 1, 1, 0]"
mergedImage_992,"[0, 1, 1, 1, 1]"
mergedImage_993,"[1, 1, 2, 0, 0]"
mergedImage_994,"[1, 0, 2, 1, 0]"
mergedImage_995,"[0, 0, 2, 2, 0]"
mergedImage_996,"[1, 2, 1, 1, 1]"
mergedImage_997,"[1, 0, 1, 2, 1]"
mergedImage_998,"[2, 1, 0, 0, 0]"
mergedImage_999,"[2, 1, 0, 0, 0]"
mergedImage_1000,"[2, 0, 1, 1, 2]"
mergedImage_1001,"[1, 1, 1, 1, 1]"
mergedImage_1002,"[0, 3, 0, 3, 0]"
mergedImage_1003,"[1, 1, 0, 0, 2]"
mergedImage_1004,"[0, 1, 1, 2, 1]"
mergedImage_1005,"[2, 1, 0, 1, 1]"
mergedImage_1006,"[2, 0, 1, 1, 1]"
mergedImage_1007,"[1, 0, 1, 1, 2]"
mergedImage_1008,"[0, 1, 1, 0, 0]"
mergedImage_1009,"[0, 1, 1, 0, 1]"
mergedImage_1010,"[1, 0, 2, 0, 0]"
mergedImage_1011,"[0, 2, 1, 2, 0]"
mergedImage_1012,"[2, 1, 2, 1, 0]"
mergedImage_1013,"[0, 2, 0, 0, 1]"
mergedImage_1014,"[1, 0, 2, 0, 3]"
mergedImage_1015,"[0, 0, 1, 1, 1]"
mergedImage_1016,"[1, 0, 1, 1, 1]"
mergedImage_1017,"[0, 0, 1, 0, 1]"
mergedImage_1018,"[1, 2, 2, 0, 1]"
mergedImage_1019,"[0, 1, 1, 0, 1]"
mergedImage_1020,"[2, 1, 1, 1, 1]"
mergedImage_1021,"[0, 1, 0, 2, 0]"
mergedImage_1022,"[3, 0, 0, 2, 1]"
mergedImage_1023,"[0, 1, 1, 1, 0]"
mergedImage_1024,"[1, 0, 0, 2, 1]"
mergedImage_1025,"[3, 1, 0, 1, 1]"
mergedImage_1026,"[1, 1, 0, 1, 1]"
mergedImage_1027,"[0, 0, 0, 1, 1]"
mergedImage_1028,"[0, 1, 1, 0, 2]"
mergedImage_1029,"[0, 0, 1, 0, 1]"
mergedImage_1030,"[1, 0, 0, 1, 0]"
mergedImage_1031,"[1, 3, 0, 0, 0]"
mergedImage_1032,"[0, 1, 2, 2, 0]"
mergedImage_1033,"[0, 1, 1, 0, 1]"
mergedImage_1034,"[2, 0, 1, 2, 0]"
mergedImage_1035,"[2, 1, 1, 0, 1]"
mergedImage_1036,"[1, 1, 0, 1, 0]"
mergedImage_1037,"[0, 0, 1, 1, 1]"
mergedImage_1038,"[0, 1, 0, 1, 0]"
mergedImage_1039,"[0, 1, 0, 0, 2]"
mergedImage_1040,"[1, 2, 1, 1, 1]"
mergedImage_1041,"[2, 0, 1, 0, 2]"
mergedImage_1042,"[0, 0, 2, 1, 1]"
mergedImage_1043,"[0, 3, 2, 0, 0]"
mergedImage_1044,"[0, 0, 0, 2, 2]"
mergedImage_1045,"[1, 1, 1, 1, 1]"
mergedImage_1046,"[0, 0, 1, 1, 1]"
mergedImage_1047,"[1, 1, 1, 1, 0]"
mergedImage_1048,"[1, 3, 0, 0, 1]"
mergedImage_1049,"[1, 1, 0, 2, 2]"
mergedImage_1050,"[1, 0, 1, 1, 0]"
mergedImage_1051,"[0, 0, 2, 1, 2]"
mergedImage_1052,"[1, 0, 0, 1, 0]"
mergedImage_1053,"[2, 0, 1, 0, 2]"
mergedImage_1054,"[0, 2, 0, 3, 0]"
mergedImage_1055,"[0, 2, 2, 1, 1]"
mergedImage_1056,"[1, 0, 1, 2, 1]"
mergedImage_1057,"[1, 1, 2, 0, 0]"
mergedImage_1058,"[0, 1, 2, 1, 1]"
mergedImage_1059,"[0, 1, 1, 2, 1]"
mergedImage_1060,"[2, 0, 0, 0, 0]"
mergedImage_1061,"[1, 2, 1, 0, 1]"
mergedImage_1062,"[1, 0, 0, 0, 1]"
mergedImage_1063,"[1, 2, 0, 0, 0]"
mergedImage_1064,"[1, 0, 0, 2, 1]"
mergedImage_1065,"[1, 1, 0, 0, 1]"
mergedImage_1066,"[1, 3, 1, 1, 0]"
mergedImage_1067,"[2, 1, 0, 2, 1]"
mergedImage_1068,"[1, 2, 0, 1, 0]"
mergedImage_1069,"[1, 1, 0, 2, 1]"
mergedImage_1070,"[0, 0, 1, 0, 1]"
mergedImage_1071,"[0, 1, 0, 0, 2]"
mergedImage_1072,"[0, 1, 0, 1, 1]"
mergedImage_1073,"[0, 1, 1, 1, 0]"
mergedImage_1074,"[0, 1, 2, 0, 0]"
mergedImage_1075,"[1, 1, 2, 1, 0]"
mergedImage_1076,"[0, 0, 1, 3, 0]"
mergedImage_1077,"[2, 0, 0, 1, 2]"
mergedImage_1078,"[1, 2, 0, 1, 0]"
mergedImage_1079,"[1, 1, 2, 1, 1]"
mergedImage_1080,"[1, 0, 2, 2, 0]"
mergedImage_1081,"[1, 1, 1, 0, 1]"
mergedImage_1082,"[1, 0, 1, 2, 0]"
mergedImage_1083,"[0, 4, 0, 1, 1]"
mergedImage_1084,"[0, 0, 1, 0, 1]"
mergedImage_1085,"[2, 0, 1, 0, 1]"
mergedImage_1086,"[2, 1, 1, 0, 0]"
mergedImage_1087,"[1, 0, 1, 1, 2]"
mergedImage_1088,"[0, 1, 2, 1, 1]"
mergedImage_1089,"[1, 2, 1, 0, 1]"
mergedImage_1090,"[1, 1, 0, 0, 1]"
mergedImage_1091,"[1, 1, 0, 0, 2]"
mergedImage_1092,"[0, 1, 0, 2, 1]"
mergedImage_1093,"[2, 2, 1, 0, 1]"
mergedImage_1094,"[1, 1, 1, 1, 0]"
mergedImage_1095,"[0, 2, 1, 0, 0]"
mergedImage_1096,"[1, 1, 0, 0, 2]"
mergedImage_1097,"[0, 0, 2, 3, 0]"
mergedImage_1098,"[2, 1, 1, 0, 0]"
mergedImage_1099,"[1, 0, 1, 0, 1]"
mergedImage_1100,"[0, 0, 2, 0, 0]"
mergedImage_1101,"[1, 1, 1, 1, 2]"
mergedImage_1102,"[1, 1, 1, 0, 0]"
mergedImage_1103,"[0, 1, 0, 1, 3]"
mergedImage_1104,"[0, 1, 1, 0, 2]"
mergedImage_1105,"[1, 2, 1, 1, 1]"
mergedImage_1106,"[1, 1, 1, 0, 1]"
mergedImage_1107,"[1, 0, 3, 1, 0]"
mergedImage_1108,"[1, 0, 0, 1, 2]"
mergedImage_1109,"[2, 1, 0, 1, 1]"
mergedImage_1110,"[0, 2, 0, 1, 2]"
mergedImage_1111,"[0, 0, 2, 1, 0]"
mergedImage_1112,"[0, 1, 0, 0, 2]"
mergedImage_1113,"[0, 1, 1, 0, 0]"
mergedImage_1114,"[1, 0, 0, 3, 2]"
mergedImage_1115,"[1, 1, 0, 2, 0]"
mergedImage_1116,"[0, 0, 0, 1, 1]"
mergedImage_1117,"[1, 0, 0, 0, 1]"
mergedImage_1118,"[1, 1, 2, 2, 0]"
mergedImage_1119,"[1, 0, 3, 2, 0]"
mergedImage_1120,"[1, 1, 2, 0, 0]"
mergedImage_1121,"[2, 0, 0, 3, 0]"
mergedImage_1122,"[0, 2, 0, 0, 0]"
mergedImage_1123,"[0, 0, 2, 1, 3]"
mergedImage_1124,"[0, 2, 1, 1, 2]"
mergedImage_1125,"[0, 0, 1, 1, 1]"
mergedImage_1126,"[1, 1, 1, 1, 1]"
mergedImage_1127,"[2, 3, 1, 0, 0]"
mergedImage_1128,"[1, 0, 0, 1, 1]"
mergedImage_1129,"[0, 1, 0, 1, 0]"
mergedImage_1130,"[2, 0, 1, 0, 1]"
mergedImage_1131,"[0, 2, 0, 0, 2]"
mergedImage_1132,"[0, 0, 0, 1, 2]"
mergedImage_1133,"[1, 0, 0, 1, 0]"
mergedImage_1134,"[3, 1, 0, 1, 0]"
mergedImage_1135,"[0, 1, 1, 3, 0]"
mergedImage_1136,"[0, 0, 2, 1, 0]"
mergedImage_1137,"[0, 1, 1, 0, 0]"
mergedImage_1138,"[0, 1, 1, 1, 2]"
mergedImage_1139,"[0, 0, 1, 3, 1]"
mergedImage_1140,"[2, 1, 0, 0, 0]"
mergedImage_1141,"[1, 0, 0, 1, 1]"
mergedImage_1142,"[1, 0, 2, 0, 1]"
mergedImage_1143,"[0, 1, 1, 0, 0]"
mergedImage_1144,"[1, 0, 2, 1, 2]"
mergedImage_1145,"[0, 1, 1, 1, 1]"
mergedImage_1146,"[0, 1, 0, 3, 1]"
mergedImage_1147,"[2, 1, 1, 0, 2]"
mergedImage_1148,"[0, 0, 2, 0, 0]"
mergedImage_1149,"[0, 2, 0, 1, 0]"
mergedImage_1150,"[0, 0, 0, 2, 1]"
mergedImage_1151,"[1, 1, 0, 1, 1]"
mergedImage_1152,"[1, 1, 0, 0, 2]"
mergedImage_1153,"[0, 0, 0, 1, 1]"
mergedImage_1154,"[0, 1, 1, 0, 0]"
mergedImage_1155,"[1, 2, 1, 0, 2]"
mergedImage_1156,"[1, 0, 1, 2, 1]"
mergedImage_1157,"[2, 3, 0, 0, 1]"
mergedImage_1158,"[0, 0, 1, 3, 1]"
mergedImage_1159,"[0, 1, 1, 0, 1]"
mergedImage_1160,"[2, 0, 2, 0, 0]"
mergedImage_1161,"[1, 0, 2, 0, 0]"
mergedImage_1162,"[1, 0, 1, 0, 3]"
mergedImage_1163,"[2, 0, 1, 0, 0]"
mergedImage_1164,"[0, 2, 0, 1, 1]"
mergedImage_1165,"[2, 0, 0, 0, 0]"
mergedImage_1166,"[1, 1, 2, 0, 1]"
mergedImage_1167,"[0, 0, 2, 0, 1]"
mergedImage_1168,"[1, 0, 0, 3, 0]"
mergedImage_1169,"[2, 1, 0, 1, 0]"
mergedImage_1170,"[0, 2, 1, 0, 1]"
mergedImage_1171,"[1, 0, 0, 0, 2]"
mergedImage_1172,"[1, 1, 1, 0, 0]"
mergedImage_1173,"[0, 1, 2, 1, 1]"
mergedImage_1174,"[1, 2, 0, 1, 1]"
mergedImage_1175,"[1, 1, 2, 2, 0]"
mergedImage_1176,"[0, 0, 1, 4, 1]"
mergedImage_1177,"[1, 1, 0, 1, 2]"
mergedImage_1178,"[0, 0, 0, 0, 2]"
mergedImage_1179,"[1, 0, 0, 1, 0]"
mergedImage_1180,"[0, 1, 0, 1, 0]"
mergedImage_1181,"[1, 0, 0, 1, 0]"
mergedImage_1182,"[1, 0, 1, 3, 1]"
mergedImage_1183,"[1, 0, 1, 0, 1]"
mergedImage_1184,"[0, 2, 0, 1, 1]"
mergedImage_1185,"[1, 0, 1, 0, 2]"
mergedImage_1186,"[2, 0, 2, 1, 0]"
mergedImage_1187,"[0, 1, 1, 2, 2]"
mergedImage_1188,"[0, 2, 2, 2, 0]"
mergedImage_1189,"[1, 0, 1, 0, 0]"
mergedImage_1190,"[4, 1, 0, 0, 0]"
mergedImage_1191,"[2, 0, 0, 1, 1]"
mergedImage_1192,"[0, 0, 3, 1, 0]"
mergedImage_1193,"[0, 2, 0, 0, 0]"
mergedImage_1194,"[1, 1, 0, 1, 0]"
mergedImage_1195,"[0, 0, 0, 2, 1]"
mergedImage_1196,"[0, 0, 0, 0, 2]"
mergedImage_1197,"[1, 0, 0, 3, 0]"
mergedImage_1198,"[1, 1, 0, 0, 2]"
mergedImage_1199,"[0, 0, 1, 0, 3]"
mergedImage_1200,"[0, 0, 0, 2, 1]"
mergedImage_1201,"[0, 1, 1, 1, 0]"
mergedImage_1202,"[1, 2, 2, 0, 1]"
mergedImage_1203,"[2, 0, 1, 2, 1]"
mergedImage_1204,"[1, 0, 1, 0, 0]"
mergedImage_1205,"[1, 3, 0, 0, 1]"
mergedImage_1206,"[0, 1, 0, 1, 0]"
mergedImage_1207,"[1, 2, 1, 0, 0]"
mergedImage_1208,"[0, 1, 2, 2, 1]"
mergedImage_1209,"[1, 2, 0, 0, 2]"
mergedImage_1210,"[2, 0, 0, 2, 1]"
mergedImage_1211,"[1, 0, 0, 5, 0]"
mergedImage_1212,"[1, 1, 1, 0, 2]"
mergedImage_1213,"[2, 0, 0, 0, 2]"
mergedImage_1214,"[3, 0, 0, 2, 0]"
mergedImage_1215,"[1, 0, 1, 0, 0]"
mergedImage_1216,"[1, 0, 0, 0, 1]"
mergedImage_1217,"[0, 4, 0, 0, 1]"
mergedImage_1218,"[0, 0, 0, 0, 2]"
mergedImage_1219,"[1, 0, 1, 0, 1]"
mergedImage_1220,"[1, 4, 0, 0, 0]"
mergedImage_1221,"[1, 3, 1, 1, 0]"
mergedImage_1222,"[1, 0, 0, 0, 3]"
mergedImage_1223,"[3, 0, 0, 2, 1]"
mergedImage_1224,"[1, 1, 1, 3, 0]"
mergedImage_1225,"[2, 2, 0, 0, 1]"
mergedImage_1226,"[0, 1, 1, 2, 1]"
mergedImage_1227,"[0, 2, 1, 0, 0]"
mergedImage_1228,"[2, 0, 1, 1, 2]"
mergedImage_1229,"[1, 1, 0, 0, 1]"
mergedImage_1230,"[1, 0, 1, 0, 1]"
mergedImage_1231,"[2, 2, 0, 2, 0]"
mergedImage_1232,"[0, 2, 0, 0, 0]"
mergedImage_1233,"[1, 1, 1, 0, 0]"
mergedImage_1234,"[1, 0, 0, 0, 2]"
mergedImage_1235,"[0, 0, 1, 0, 3]"
mergedImage_1236,"[0, 2, 2, 1, 0]"
mergedImage_1237,"[1, 0, 0, 0, 1]"
mergedImage_1238,"[0, 2, 1, 0, 0]"
mergedImage_1239,"[2, 0, 1, 2, 1]"
mergedImage_1240,"[1, 0, 0, 1, 4]"
mergedImage_1241,"[1, 0, 0, 2, 0]"
mergedImage_1242,"[0, 0, 2, 1, 2]"
mergedImage_1243,"[2, 0, 3, 0, 0]"
mergedImage_1244,"[3, 1, 0, 1, 0]"
mergedImage_1245,"[0, 0, 0, 2, 1]"
mergedImage_1246,"[2, 1, 0, 0, 0]"
mergedImage_1247,"[1, 0, 2, 2, 1]"
mergedImage_1248,"[1, 3, 0, 1, 1]"
mergedImage_1249,"[0, 2, 0, 0, 1]"
mergedImage_1250,"[0, 0, 2, 0, 0]"
mergedImage_1251,"[2, 1, 0, 2, 1]"
mergedImage_1252,"[1, 1, 1, 2, 1]"
mergedImage_1253,"[3, 0, 0, 2, 0]"
mergedImage_1254,"[0, 2, 0, 1, 0]"
mergedImage_1255,"[3, 1, 1, 0, 0]"
mergedImage_1256,"[1, 1, 1, 1, 1]"
mergedImage_1257,"[0, 0, 2, 1, 2]"
mergedImage_1258,"[0, 0, 0, 2, 1]"
mergedImage_1259,"[0, 0, 1, 1, 0]"
mergedImage_1260,"[2, 1, 0, 0, 1]"
mergedImage_1261,"[0, 1, 1, 0, 0]"
mergedImage_1262,"[1, 2, 2, 1, 0]"
mergedImage_1263,"[2, 2, 1, 0, 0]"
mergedImage_1264,"[0, 0, 1, 1, 0]"
mergedImage_1265,"[0, 0, 2, 2, 2]"
mergedImage_1266,"[1, 0, 1, 2, 0]"
mergedImage_1267,"[1, 3, 1, 0, 0]"
mergedImage_1268,"[0, 1, 0, 1, 1]"
mergedImage_1269,"[1, 1, 0, 1, 0]"
mergedImage_1270,"[0, 1, 1, 1, 1]"
mergedImage_1271,"[0, 0, 1, 1, 3]"
mergedImage_1272,"[2, 0, 1, 0, 1]"
mergedImage_1273,"[0, 0, 2, 3, 0]"
mergedImage_1274,"[2, 0, 1, 0, 1]"
mergedImage_1275,"[0, 0, 0, 1, 1]"
mergedImage_1276,"[1, 2, 1, 0, 1]"
mergedImage_1277,"[0, 1, 1, 2, 1]"
mergedImage_1278,"[0, 2, 2, 1, 0]"
mergedImage_1279,"[0, 0, 1, 0, 1]"
mergedImage_1280,"[3, 0, 0, 0, 1]"
mergedImage_1281,"[0, 0, 1, 0, 1]"
mergedImage_1282,"[0, 1, 1, 0, 0]"
mergedImage_1283,"[0, 0, 2, 0, 0]"
mergedImage_1284,"[1, 1, 1, 1, 1]"
mergedImage_1285,"[0, 0, 1, 1, 0]"
mergedImage_1286,"[1, 0, 1, 1, 1]"
mergedImage_1287,"[0, 1, 0, 2, 0]"
mergedImage_1288,"[0, 0, 0, 0, 2]"
mergedImage_1289,"[2, 0, 0, 2, 2]"
mergedImage_1290,"[1, 1, 1, 0, 1]"
mergedImage_1291,"[2, 1, 1, 1, 1]"
mergedImage_1292,"[1, 0, 1, 2, 2]"
mergedImage_1293,"[0, 0, 2, 1, 0]"
mergedImage_1294,"[0, 1, 2, 1, 2]"
mergedImage_1295,"[1, 1, 2, 0, 0]"
mergedImage_1296,"[2, 1, 0, 1, 2]"
mergedImage_1297,"[1, 0, 2, 2, 0]"
mergedImage_1298,"[0, 2, 1, 0, 1]"
mergedImage_1299,"[0, 1, 1, 2, 2]"
mergedImage_1300,"[1, 0, 1, 1, 0]"
mergedImage_1301,"[2, 1, 0, 1, 1]"
mergedImage_1302,"[2, 0, 1, 1, 0]"
mergedImage_1303,"[1, 0, 1, 0, 2]"
mergedImage_1304,"[1, 0, 0, 1, 1]"
mergedImage_1305,"[1, 1, 2, 0, 1]"
mergedImage_1306,"[1, 0, 3, 2, 0]"
mergedImage_1307,"[0, 0, 1, 0, 1]"
mergedImage_1308,"[2, 1, 0, 0, 1]"
mergedImage_1309,"[1, 1, 1, 1, 2]"
mergedImage_1310,"[2, 2, 1, 0, 1]"
mergedImage_1311,"[2, 0, 2, 0, 0]"
mergedImage_1312,"[1, 2, 0, 0, 1]"
mergedImage_1313,"[0, 0, 1, 3, 0]"
mergedImage_1314,"[0, 0, 1, 0, 2]"
mergedImage_1315,"[1, 1, 0, 1, 0]"
mergedImage_1316,"[2, 1, 3, 0, 0]"
mergedImage_1317,"[0, 0, 2, 0, 0]"
mergedImage_1318,"[0, 2, 0, 1, 0]"
mergedImage_1319,"[0, 0, 1, 1, 0]"
mergedImage_1320,"[0, 2, 1, 1, 1]"
mergedImage_1321,"[0, 2, 1, 0, 1]"
mergedImage_1322,"[1, 0, 0, 2, 0]"
mergedImage_1323,"[1, 0, 1, 1, 0]"
mergedImage_1324,"[0, 2, 1, 0, 1]"
mergedImage_1325,"[1, 0, 0, 4, 1]"
mergedImage_1326,"[0, 0, 1, 1, 0]"
mergedImage_1327,"[0, 1, 0, 1, 0]"
mergedImage_1328,"[0, 1, 2, 1, 0]"
mergedImage_1329,"[0, 1, 0, 1, 2]"
mergedImage_1330,"[1, 2, 0, 1, 1]"
mergedImage_1331,"[0, 0, 2, 1, 1]"
mergedImage_1332,"[1, 0, 4, 1, 0]"
mergedImage_1333,"[0, 0, 2, 1, 1]"
mergedImage_1334,"[0, 0, 1, 0, 1]"
mergedImage_1335,"[0, 0, 1, 1, 0]"
mergedImage_1336,"[0, 1, 1, 3, 1]"
mergedImage_1337,"[1, 2, 1, 1, 1]"
mergedImage_1338,"[2, 1, 0, 2, 1]"
mergedImage_1339,"[2, 0, 3, 0, 1]"
mergedImage_1340,"[0, 0, 1, 1, 1]"
mergedImage_1341,"[1, 1, 0, 0, 2]"
mergedImage_1342,"[1, 0, 0, 0, 1]"
mergedImage_1343,"[1, 1, 1, 0, 1]"
mergedImage_1344,"[1, 1, 0, 0, 0]"
mergedImage_1345,"[1, 1, 0, 2, 1]"
mergedImage_1346,"[1, 0, 1, 0, 2]"
mergedImage_1347,"[1, 0, 0, 1, 0]"
mergedImage_1348,"[1, 0, 1, 1, 2]"
mergedImage_1349,"[0, 0, 0, 1, 1]"
mergedImage_1350,"[1, 1, 1, 2, 1]"
mergedImage_1351,"[0, 0, 1, 2, 3]"
mergedImage_1352,"[1, 0, 1, 0, 0]"
mergedImage_1353,"[0, 0, 1, 1, 0]"
mergedImage_1354,"[1, 2, 1, 1, 1]"
mergedImage_1355,"[1, 1, 1, 0, 0]"
mergedImage_1356,"[1, 1, 1, 0, 0]"
mergedImage_1357,"[2, 2, 1, 0, 1]"
mergedImage_1358,"[0, 1, 0, 3, 1]"
mergedImage_1359,"[1, 0, 1, 0, 0]"
mergedImage_1360,"[2, 2, 0, 0, 0]"
mergedImage_1361,"[0, 1, 1, 2, 0]"
mergedImage_1362,"[0, 0, 0, 2, 0]"
mergedImage_1363,"[0, 1, 3, 1, 1]"
mergedImage_1364,"[0, 2, 0, 0, 1]"
mergedImage_1365,"[2, 0, 0, 2, 1]"
mergedImage_1366,"[0, 1, 2, 1, 1]"
mergedImage_1367,"[2, 2, 0, 0, 1]"
mergedImage_1368,"[0, 0, 1, 1, 1]"
mergedImage_1369,"[0, 0, 1, 0, 2]"
mergedImage_1370,"[0, 0, 1, 2, 0]"
mergedImage_1371,"[1, 0, 0, 2, 1]"
mergedImage_1372,"[0, 1, 2, 0, 2]"
mergedImage_1373,"[2, 0, 1, 0, 0]"
mergedImage_1374,"[4, 0, 0, 0, 1]"
mergedImage_1375,"[2, 1, 0, 1, 2]"
mergedImage_1376,"[2, 1, 0, 0, 0]"
mergedImage_1377,"[0, 1, 0, 1, 0]"
mergedImage_1378,"[1, 0, 1, 2, 0]"
mergedImage_1379,"[3, 0, 0, 1, 2]"
mergedImage_1380,"[2, 1, 1, 0, 2]"
mergedImage_1381,"[1, 0, 1, 2, 0]"
mergedImage_1382,"[0, 1, 0, 1, 0]"
mergedImage_1383,"[0, 1, 1, 1, 2]"
mergedImage_1384,"[0, 1, 1, 2, 1]"
mergedImage_1385,"[1, 0, 2, 0, 1]"
mergedImage_1386,"[1, 2, 0, 0, 0]"
mergedImage_1387,"[0, 0, 1, 0, 2]"
mergedImage_1388,"[2, 1, 1, 0, 0]"
mergedImage_1389,"[0, 0, 1, 4, 0]"
mergedImage_1390,"[1, 1, 0, 0, 0]"
mergedImage_1391,"[1, 1, 0, 0, 0]"
mergedImage_1392,"[1, 3, 1, 1, 0]"
mergedImage_1393,"[2, 0, 0, 0, 1]"
mergedImage_1394,"[2, 0, 1, 1, 2]"
mergedImage_1395,"[1, 0, 2, 2, 1]"
mergedImage_1396,"[1, 2, 2, 0, 1]"
mergedImage_1397,"[0, 0, 0, 3, 0]"
mergedImage_1398,"[0, 1, 0, 0, 1]"
mergedImage_1399,"[0, 1, 1, 0, 1]"
mergedImage_1400,"[0, 0, 0, 1, 1]"
mergedImage_1401,"[0, 0, 0, 1, 1]"
mergedImage_1402,"[1, 1, 0, 1, 1]"
mergedImage_1403,"[0, 1, 1, 1, 2]"
mergedImage_1404,"[1, 0, 1, 2, 2]"
mergedImage_1405,"[0, 0, 1, 0, 1]"
mergedImage_1406,"[1, 1, 1, 2, 0]"
mergedImage_1407,"[1, 0, 0, 0, 1]"
mergedImage_1408,"[0, 1, 0, 1, 0]"
mergedImage_1409,"[0, 0, 1, 1, 1]"
mergedImage_1410,"[1, 0, 3, 0, 1]"
mergedImage_1411,"[1, 1, 2, 1, 1]"
mergedImage_1412,"[1, 2, 0, 1, 0]"
mergedImage_1413,"[0, 1, 0, 0, 2]"
mergedImage_1414,"[0, 1, 1, 0, 1]"
mergedImage_1415,"[0, 2, 1, 1, 1]"
mergedImage_1416,"[2, 0, 0, 0, 0]"
mergedImage_1417,"[0, 0, 0, 1, 1]"
mergedImage_1418,"[1, 0, 2, 1, 1]"
mergedImage_1419,"[1, 0, 0, 1, 2]"
mergedImage_1420,"[0, 2, 0, 1, 1]"
mergedImage_1421,"[0, 3, 1, 0, 1]"
mergedImage_1422,"[3, 0, 2, 1, 0]"
mergedImage_1423,"[1, 1, 0, 0, 0]"
mergedImage_1424,"[3, 1, 0, 2, 0]"
mergedImage_1425,"[0, 0, 0, 0, 2]"
mergedImage_1426,"[1, 0, 0, 0, 1]"
mergedImage_1427,"[0, 0, 1, 0, 1]"
mergedImage_1428,"[1, 0, 0, 1, 1]"
mergedImage_1429,"[2, 1, 0, 1, 2]"
mergedImage_1430,"[0, 2, 0, 2, 1]"
mergedImage_1431,"[1, 1, 0, 0, 2]"
mergedImage_1432,"[1, 3, 1, 0, 1]"
mergedImage_1433,"[1, 1, 1, 1, 0]"
mergedImage_1434,"[2, 1, 0, 2, 1]"
mergedImage_1435,"[1, 2, 0, 1, 1]"
mergedImage_1436,"[1, 0, 0, 1, 0]"
mergedImage_1437,"[1, 0, 0, 1, 0]"
mergedImage_1438,"[1, 1, 1, 0, 3]"
mergedImage_1439,"[1, 0, 1, 1, 1]"
mergedImage_1440,"[0, 0, 1, 1, 0]"
mergedImage_1441,"[1, 1, 0, 1, 1]"
mergedImage_1442,"[1, 2, 0, 1, 2]"
mergedImage_1443,"[1, 0, 2, 2, 1]"
mergedImage_1444,"[1, 0, 1, 0, 0]"
mergedImage_1445,"[1, 0, 0, 1, 0]"
mergedImage_1446,"[0, 1, 3, 0, 2]"
mergedImage_1447,"[1, 0, 0, 0, 1]"
mergedImage_1448,"[1, 2, 0, 0, 3]"
mergedImage_1449,"[1, 0, 0, 0, 1]"
mergedImage_1450,"[2, 0, 2, 1, 0]"
mergedImage_1451,"[1, 0, 0, 1, 1]"
mergedImage_1452,"[0, 3, 1, 1, 1]"
mergedImage_1453,"[3, 0, 1, 0, 1]"
mergedImage_1454,"[1, 0, 0, 2, 1]"
mergedImage_1455,"[0, 2, 2, 1, 0]"
mergedImage_1456,"[0, 0, 0, 0, 2]"
mergedImage_1457,"[0, 0, 0, 1, 1]"
mergedImage_1458,"[0, 0, 2, 1, 2]"
mergedImage_1459,"[1, 0, 0, 1, 0]"
mergedImage_1460,"[1, 0, 0, 1, 1]"
mergedImage_1461,"[0, 1, 0, 0, 4]"
mergedImage_1462,"[2, 0, 1, 1, 2]"
mergedImage_1463,"[3, 1, 1, 1, 0]"
mergedImage_1464,"[3, 1, 1, 0, 1]"
mergedImage_1465,"[0, 1, 1, 0, 1]"
mergedImage_1466,"[1, 2, 0, 1, 2]"
mergedImage_1467,"[1, 1, 1, 2, 0]"
mergedImage_1468,"[2, 0, 1, 0, 0]"
mergedImage_1469,"[1, 1, 2, 1, 1]"
mergedImage_1470,"[0, 0, 1, 1, 1]"
mergedImage_1471,"[0, 3, 0, 2, 1]"
mergedImage_1472,"[0, 0, 1, 1, 0]"
mergedImage_1473,"[1, 0, 0, 0, 1]"
mergedImage_1474,"[1, 0, 0, 3, 1]"
mergedImage_1475,"[1, 1, 1, 2, 1]"
mergedImage_1476,"[1, 1, 1, 0, 0]"
mergedImage_1477,"[1, 0, 0, 1, 1]"
mergedImage_1478,"[1, 0, 0, 2, 0]"
mergedImage_1479,"[0, 1, 1, 1, 0]"
mergedImage_1480,"[1, 0, 0, 2, 1]"
mergedImage_1481,"[0, 1, 0, 0, 2]"
mergedImage_1482,"[1, 1, 1, 0, 0]"
mergedImage_1483,"[1, 0, 0, 1, 1]"
mergedImage_1484,"[0, 1, 0, 1, 2]"
mergedImage_1485,"[2, 1, 2, 1, 0]"
mergedImage_1486,"[0, 3, 2, 0, 1]"
mergedImage_1487,"[1, 2, 1, 1, 1]"
mergedImage_1488,"[1, 0, 1, 0, 0]"
mergedImage_1489,"[2, 0, 0, 2, 1]"
mergedImage_1490,"[0, 3, 0, 0, 1]"
mergedImage_1491,"[0, 0, 0, 0, 2]"
mergedImage_1492,"[0, 1, 0, 0, 1]"
mergedImage_1493,"[2, 1, 1, 2, 0]"
mergedImage_1494,"[0, 0, 2, 2, 0]"
mergedImage_1495,"[1, 3, 0, 2, 0]"
mergedImage_1496,"[3, 0, 0, 0, 0]"
mergedImage_1497,"[0, 2, 0, 0, 0]"
mergedImage_1498,"[3, 1, 1, 1, 0]"
mergedImage_1499,"[0, 4, 1, 0, 1]"
mergedImage_1500,"[1, 2, 0, 0, 3]"
mergedImage_1501,"[3, 1, 0, 0, 0]"
mergedImage_1502,"[0, 0, 2, 1, 1]"
mergedImage_1503,"[0, 0, 1, 1, 2]"
mergedImage_1504,"[1, 0, 0, 0, 1]"
mergedImage_1505,"[1, 0, 1, 0, 1]"
mergedImage_1506,"[0, 2, 1, 0, 1]"
mergedImage_1507,"[0, 2, 1, 2, 1]"
mergedImage_1508,"[0, 0, 1, 1, 2]"
mergedImage_1509,"[0, 1, 0, 0, 1]"
mergedImage_1510,"[1, 1, 1, 1, 1]"
mergedImage_1511,"[1, 0, 0, 1, 2]"
mergedImage_1512,"[3, 2, 0, 0, 0]"
mergedImage_1513,"[0, 2, 1, 0, 0]"
mergedImage_1514,"[0, 1, 1, 1, 1]"
mergedImage_1515,"[2, 1, 1, 0, 0]"
mergedImage_1516,"[2, 2, 1, 0, 1]"
mergedImage_1517,"[0, 1, 0, 1, 1]"
mergedImage_1518,"[0, 1, 1, 2, 2]"
mergedImage_1519,"[1, 0, 1, 0, 0]"
mergedImage_1520,"[0, 2, 0, 0, 1]"
mergedImage_1521,"[1, 0, 0, 1, 0]"
mergedImage_1522,"[1, 0, 1, 0, 1]"
mergedImage_1523,"[1, 1, 1, 2, 1]"
mergedImage_1524,"[0, 0, 0, 2, 1]"
mergedImage_1525,"[1, 2, 0, 0, 0]"
mergedImage_1526,"[1, 0, 2, 0, 0]"
mergedImage_1527,"[1, 0, 0, 0, 1]"
mergedImage_1528,"[0, 2, 1, 2, 0]"
mergedImage_1529,"[2, 1, 0, 0, 1]"
mergedImage_1530,"[1, 0, 2, 0, 1]"
mergedImage_1531,"[1, 1, 1, 0, 0]"
mergedImage_1532,"[0, 2, 0, 0, 0]"
mergedImage_1533,"[1, 0, 1, 1, 1]"
mergedImage_1534,"[1, 0, 1, 0, 2]"
mergedImage_1535,"[0, 2, 0, 2, 0]"
mergedImage_1536,"[2, 2, 0, 0, 1]"
mergedImage_1537,"[1, 2, 0, 0, 0]"
mergedImage_1538,"[1, 0, 1, 1, 0]"
mergedImage_1539,"[2, 1, 1, 1, 0]"
mergedImage_1540,"[1, 1, 2, 2, 0]"
mergedImage_1541,"[1, 0, 0, 2, 1]"
mergedImage_1542,"[0, 2, 2, 0, 1]"
mergedImage_1543,"[1, 2, 1, 0, 1]"
mergedImage_1544,"[1, 3, 1, 1, 0]"
mergedImage_1545,"[0, 0, 1, 2, 1]"
mergedImage_1546,"[2, 1, 0, 1, 0]"
mergedImage_1547,"[0, 3, 0, 2, 0]"
mergedImage_1548,"[1, 1, 0, 1, 2]"
mergedImage_1549,"[1, 0, 1, 1, 2]"
mergedImage_1550,"[1, 0, 1, 1, 2]"
mergedImage_1551,"[0, 1, 1, 3, 1]"
mergedImage_1552,"[0, 0, 2, 0, 1]"
mergedImage_1553,"[0, 0, 2, 0, 1]"
mergedImage_1554,"[1, 0, 0, 1, 0]"
mergedImage_1555,"[0, 2, 0, 0, 0]"
mergedImage_1556,"[0, 0, 0, 1, 1]"
mergedImage_1557,"[0, 1, 1, 0, 1]"
mergedImage_1558,"[0, 2, 0, 0, 2]"
mergedImage_1559,"[2, 1, 2, 0, 0]"
mergedImage_1560,"[1, 1, 0, 0, 0]"
mergedImage_1561,"[1, 0, 1, 0, 0]"
mergedImage_1562,"[0, 2, 0, 2, 1]"
mergedImage_1563,"[0, 0, 1, 0, 1]"
mergedImage_1564,"[1, 1, 0, 0, 1]"
mergedImage_1565,"[1, 2, 1, 0, 1]"
mergedImage_1566,"[0, 0, 0, 0, 2]"
mergedImage_1567,"[1, 2, 1, 0, 2]"
mergedImage_1568,"[0, 1, 0, 1, 4]"
mergedImage_1569,"[2, 1, 0, 1, 0]"
mergedImage_1570,"[1, 1, 2, 1, 1]"
mergedImage_1571,"[1, 1, 1, 1, 1]"
mergedImage_1572,"[0, 2, 0, 0, 4]"
mergedImage_1573,"[2, 3, 0, 1, 0]"
mergedImage_1574,"[0, 0, 2, 0, 1]"
mergedImage_1575,"[4, 0, 2, 0, 0]"
mergedImage_1576,"[0, 0, 1, 1, 0]"
mergedImage_1577,"[0, 0, 1, 2, 2]"
mergedImage_1578,"[0, 0, 2, 3, 0]"
mergedImage_1579,"[3, 2, 0, 0, 1]"
mergedImage_1580,"[0, 2, 2, 2, 0]"
mergedImage_1581,"[0, 1, 0, 1, 2]"
mergedImage_1582,"[0, 1, 0, 2, 1]"
mergedImage_1583,"[1, 1, 1, 2, 1]"
mergedImage_1584,"[1, 0, 0, 1, 1]"
mergedImage_1585,"[1, 0, 2, 0, 0]"
mergedImage_1586,"[1, 1, 1, 1, 0]"
mergedImage_1587,"[0, 0, 0, 2, 0]"
mergedImage_1588,"[1, 1, 0, 0, 4]"
mergedImage_1589,"[1, 1, 1, 0, 0]"
mergedImage_1590,"[1, 0, 1, 1, 1]"
mergedImage_1591,"[3, 1, 2, 0, 0]"
mergedImage_1592,"[1, 0, 1, 1, 0]"
mergedImage_1593,"[1, 0, 2, 0, 0]"
mergedImage_1594,"[0, 2, 3, 0, 1]"
mergedImage_1595,"[0, 0, 1, 2, 0]"
mergedImage_1596,"[0, 2, 1, 1, 2]"
mergedImage_1597,"[1, 0, 1, 0, 2]"
mergedImage_1598,"[1, 1, 2, 0, 1]"
mergedImage_1599,"[1, 0, 1, 0, 1]"
mergedImage_1600,"[0, 1, 3, 1, 0]"
mergedImage_1601,"[1, 0, 1, 0, 0]"
mergedImage_1602,"[2, 0, 2, 0, 1]"
mergedImage_1603,"[1, 2, 1, 1, 0]"
mergedImage_1604,"[0, 2, 0, 1, 1]"
mergedImage_1605,"[2, 0, 1, 2, 0]"
mergedImage_1606,"[0, 0, 3, 0, 3]"
mergedImage_1607,"[2, 1, 1, 2, 0]"
mergedImage_1608,"[1, 1, 1, 0, 1]"
mergedImage_1609,"[2, 1, 2, 0, 0]"
mergedImage_1610,"[1, 2, 1, 2, 0]"
mergedImage_1611,"[1, 2, 2, 0, 0]"
mergedImage_1612,"[0, 0, 1, 1, 2]"
mergedImage_1613,"[2, 1, 1, 0, 2]"
mergedImage_1614,"[1, 2, 0, 2, 0]"
mergedImage_1615,"[0, 2, 0, 1, 2]"
mergedImage_1616,"[2, 0, 1, 0, 0]"
mergedImage_1617,"[0, 1, 1, 0, 1]"
mergedImage_1618,"[2, 0, 1, 2, 0]"
mergedImage_1619,"[0, 2, 0, 0, 2]"
mergedImage_1620,"[1, 2, 0, 1, 2]"
mergedImage_1621,"[0, 1, 3, 0, 1]"
mergedImage_1622,"[0, 2, 1, 0, 0]"
mergedImage_1623,"[2, 0, 0, 0, 1]"
mergedImage_1624,"[2, 1, 1, 0, 2]"
mergedImage_1625,"[1, 0, 2, 0, 2]"
mergedImage_1626,"[0, 3, 0, 0, 0]"
mergedImage_1627,"[1, 0, 1, 0, 3]"
mergedImage_1628,"[0, 0, 2, 0, 1]"
mergedImage_1629,"[1, 0, 0, 1, 0]"
mergedImage_1630,"[1, 1, 3, 0, 1]"
mergedImage_1631,"[2, 0, 1, 1, 2]"
mergedImage_1632,"[1, 2, 1, 0, 2]"
mergedImage_1633,"[0, 1, 1, 0, 0]"
mergedImage_1634,"[1, 0, 0, 0, 1]"
mergedImage_1635,"[1, 1, 1, 1, 0]"
mergedImage_1636,"[0, 1, 0, 0, 2]"
mergedImage_1637,"[1, 0, 0, 1, 0]"
mergedImage_1638,"[1, 1, 0, 2, 0]"
mergedImage_1639,"[0, 1, 1, 1, 1]"
mergedImage_1640,"[0, 1, 0, 1, 1]"
mergedImage_1641,"[1, 2, 2, 0, 0]"
mergedImage_1642,"[0, 2, 0, 0, 2]"
mergedImage_1643,"[1, 0, 1, 0, 1]"
mergedImage_1644,"[2, 1, 0, 2, 0]"
mergedImage_1645,"[2, 1, 1, 1, 1]"
mergedImage_1646,"[0, 0, 2, 1, 1]"
mergedImage_1647,"[3, 0, 1, 0, 2]"
mergedImage_1648,"[2, 1, 0, 0, 1]"
mergedImage_1649,"[0, 1, 1, 3, 1]"
mergedImage_1650,"[0, 3, 1, 0, 0]"
mergedImage_1651,"[2, 3, 0, 0, 1]"
mergedImage_1652,"[1, 1, 1, 1, 0]"
mergedImage_1653,"[1, 0, 1, 0, 0]"
mergedImage_1654,"[0, 1, 2, 1, 1]"
mergedImage_1655,"[0, 0, 2, 0, 0]"
mergedImage_1656,"[1, 2, 0, 1, 1]"
mergedImage_1657,"[2, 1, 1, 0, 2]"
mergedImage_1658,"[0, 2, 1, 1, 1]"
mergedImage_1659,"[0, 0, 1, 1, 0]"
mergedImage_1660,"[0, 0, 1, 1, 0]"
mergedImage_1661,"[1, 1, 1, 0, 1]"
mergedImage_1662,"[0, 0, 1, 0, 1]"
mergedImage_1663,"[2, 0, 1, 1, 2]"
mergedImage_1664,"[1, 1, 1, 0, 1]"
mergedImage_1665,"[0, 2, 0, 0, 2]"
mergedImage_1666,"[0, 3, 1, 0, 2]"
mergedImage_1667,"[1, 2, 0, 1, 1]"
mergedImage_1668,"[0, 2, 1, 1, 1]"
mergedImage_1669,"[1, 1, 1, 0, 0]"
mergedImage_1670,"[1, 1, 1, 1, 1]"
mergedImage_1671,"[0, 3, 0, 1, 0]"
mergedImage_1672,"[1, 1, 0, 0, 0]"
mergedImage_1673,"[3, 0, 0, 0, 1]"
mergedImage_1674,"[1, 0, 1, 2, 0]"
mergedImage_1675,"[1, 1, 2, 0, 0]"
mergedImage_1676,"[0, 1, 1, 0, 0]"
mergedImage_1677,"[0, 0, 0, 0, 3]"
mergedImage_1678,"[1, 0, 1, 1, 2]"
mergedImage_1679,"[1, 1, 1, 0, 1]"
mergedImage_1680,"[0, 1, 0, 1, 2]"
mergedImage_1681,"[2, 0, 0, 1, 1]"
mergedImage_1682,"[1, 0, 0, 2, 1]"
mergedImage_1683,"[1, 2, 0, 0, 0]"
mergedImage_1684,"[1, 0, 0, 0, 2]"
mergedImage_1685,"[2, 0, 0, 2, 1]"
mergedImage_1686,"[0, 0, 0, 1, 2]"
mergedImage_1687,"[0, 0, 0, 0, 3]"
mergedImage_1688,"[0, 0, 4, 0, 1]"
mergedImage_1689,"[0, 0, 1, 1, 0]"
mergedImage_1690,"[1, 0, 1, 0, 0]"
mergedImage_1691,"[1, 0, 0, 0, 1]"
mergedImage_1692,"[0, 1, 1, 1, 0]"
mergedImage_1693,"[0, 0, 2, 0, 0]"
mergedImage_1694,"[1, 0, 0, 1, 1]"
mergedImage_1695,"[0, 0, 3, 0, 0]"
mergedImage_1696,"[1, 2, 0, 1, 0]"
mergedImage_1697,"[0, 2, 2, 1, 1]"
mergedImage_1698,"[1, 1, 1, 2, 0]"
mergedImage_1699,"[2, 1, 2, 1, 0]"
mergedImage_1700,"[0, 0, 0, 0, 2]"
mergedImage_1701,"[2, 2, 0, 1, 1]"
mergedImage_1702,"[1, 1, 1, 1, 2]"
mergedImage_1703,"[0, 1, 0, 0, 2]"
mergedImage_1704,"[1, 0, 2, 0, 0]"
mergedImage_1705,"[1, 0, 2, 1, 0]"
mergedImage_1706,"[1, 0, 1, 0, 1]"
mergedImage_1707,"[1, 0, 1, 1, 1]"
mergedImage_1708,"[0, 1, 0, 2, 0]"
mergedImage_1709,"[0, 0, 1, 0, 1]"
mergedImage_1710,"[1, 0, 1, 1, 0]"
mergedImage_1711,"[0, 1, 1, 3, 0]"
mergedImage_1712,"[0, 2, 0, 3, 1]"
mergedImage_1713,"[0, 1, 4, 0, 1]"
mergedImage_1714,"[1, 1, 1, 1, 2]"
mergedImage_1715,"[0, 0, 0, 1, 1]"
mergedImage_1716,"[0, 0, 0, 1, 1]"
mergedImage_1717,"[2, 0, 0, 2, 0]"
mergedImage_1718,"[3, 0, 0, 0, 0]"
mergedImage_1719,"[1, 1, 0, 0, 3]"
mergedImage_1720,"[1, 0, 0, 1, 0]"
mergedImage_1721,"[0, 1, 3, 0, 0]"
mergedImage_1722,"[0, 1, 1, 0, 0]"
mergedImage_1723,"[1, 1, 3, 1, 0]"
mergedImage_1724,"[0, 0, 1, 1, 1]"
mergedImage_1725,"[0, 2, 2, 1, 1]"
mergedImage_1726,"[1, 0, 0, 1, 0]"
mergedImage_1727,"[1, 1, 1, 2, 0]"
mergedImage_1728,"[0, 1, 1, 0, 1]"
mergedImage_1729,"[2, 1, 0, 2, 0]"
mergedImage_1730,"[1, 0, 1, 0, 0]"
mergedImage_1731,"[0, 0, 2, 2, 2]"
mergedImage_1732,"[1, 0, 0, 1, 2]"
mergedImage_1733,"[1, 0, 1, 3, 0]"
mergedImage_1734,"[0, 2, 3, 0, 1]"
mergedImage_1735,"[1, 1, 0, 0, 2]"
mergedImage_1736,"[2, 1, 0, 3, 0]"
mergedImage_1737,"[1, 0, 2, 1, 2]"
mergedImage_1738,"[1, 0, 1, 0, 0]"
mergedImage_1739,"[1, 1, 0, 1, 0]"
mergedImage_1740,"[0, 0, 0, 1, 1]"
mergedImage_1741,"[0, 0, 1, 0, 2]"
mergedImage_1742,"[1, 2, 1, 0, 1]"
mergedImage_1743,"[0, 2, 0, 0, 0]"
mergedImage_1744,"[1, 0, 1, 1, 0]"
mergedImage_1745,"[1, 0, 1, 1, 0]"
mergedImage_1746,"[1, 0, 1, 1, 0]"
mergedImage_1747,"[1, 0, 1, 1, 1]"
mergedImage_1748,"[2, 0, 2, 0, 1]"
mergedImage_1749,"[2, 1, 0, 1, 1]"
mergedImage_1750,"[1, 2, 0, 1, 0]"
mergedImage_1751,"[0, 2, 0, 0, 0]"
mergedImage_1752,"[0, 0, 0, 1, 3]"
mergedImage_1753,"[0, 1, 0, 1, 1]"
mergedImage_1754,"[0, 2, 0, 2, 0]"
mergedImage_1755,"[0, 1, 0, 2, 3]"
mergedImage_1756,"[1, 3, 0, 0, 1]"
mergedImage_1757,"[0, 1, 1, 1, 2]"
mergedImage_1758,"[1, 0, 0, 0, 1]"
mergedImage_1759,"[0, 0, 0, 1, 5]"
mergedImage_1760,"[1, 1, 2, 1, 0]"
mergedImage_1761,"[0, 1, 1, 2, 0]"
mergedImage_1762,"[2, 0, 0, 3, 1]"
mergedImage_1763,"[0, 1, 0, 0, 1]"
mergedImage_1764,"[2, 1, 1, 1, 1]"
mergedImage_1765,"[0, 1, 0, 1, 2]"
mergedImage_1766,"[1, 1, 2, 0, 1]"
mergedImage_1767,"[1, 0, 1, 0, 0]"
mergedImage_1768,"[0, 4, 0, 0, 0]"
mergedImage_1769,"[1, 1, 2, 1, 1]"
mergedImage_1770,"[2, 0, 0, 0, 0]"
mergedImage_1771,"[1, 0, 1, 1, 3]"
mergedImage_1772,"[1, 2, 0, 0, 0]"
mergedImage_1773,"[1, 3, 1, 0, 1]"
mergedImage_1774,"[1, 2, 1, 0, 0]"
mergedImage_1775,"[0, 0, 3, 0, 0]"
mergedImage_1776,"[0, 0, 2, 2, 2]"
mergedImage_1777,"[2, 0, 1, 2, 0]"
mergedImage_1778,"[0, 1, 1, 1, 1]"
mergedImage_1779,"[1, 3, 0, 1, 1]"
mergedImage_1780,"[0, 2, 1, 0, 2]"
mergedImage_1781,"[1, 1, 1, 1, 1]"
mergedImage_1782,"[1, 0, 1, 2, 1]"
mergedImage_1783,"[1, 1, 1, 2, 1]"
mergedImage_1784,"[1, 1, 1, 1, 2]"
mergedImage_1785,"[2, 0, 1, 1, 1]"
mergedImage_1786,"[2, 0, 1, 1, 1]"
mergedImage_1787,"[1, 1, 2, 0, 2]"
mergedImage_1788,"[2, 0, 3, 0, 1]"
mergedImage_1789,"[0, 2, 0, 1, 1]"
mergedImage_1790,"[2, 3, 0, 1, 0]"
mergedImage_1791,"[0, 1, 0, 1, 0]"
mergedImage_1792,"[1, 2, 0, 0, 0]"
mergedImage_1793,"[0, 3, 2, 1, 0]"
mergedImage_1794,"[2, 0, 1, 0, 1]"
mergedImage_1795,"[1, 1, 1, 1, 0]"
mergedImage_1796,"[0, 0, 0, 2, 0]"
mergedImage_1797,"[1, 2, 1, 1, 0]"
mergedImage_1798,"[2, 1, 0, 2, 0]"
mergedImage_1799,"[2, 1, 0, 0, 2]"
mergedImage_1800,"[0, 0, 1, 3, 1]"
mergedImage_1801,"[1, 0, 0, 0, 1]"
mergedImage_1802,"[2, 0, 1, 0, 2]"
mergedImage_1803,"[0, 2, 0, 0, 0]"
mergedImage_1804,"[1, 1, 0, 0, 1]"
mergedImage_1805,"[1, 0, 1, 0, 1]"
mergedImage_1806,"[1, 1, 2, 0, 2]"
mergedImage_1807,"[0, 0, 2, 1, 2]"
mergedImage_1808,"[3, 0, 1, 1, 0]"
mergedImage_1809,"[0, 1, 1, 1, 2]"
mergedImage_1810,"[0, 1, 0, 0, 1]"
mergedImage_1811,"[1, 0, 0, 1, 1]"
mergedImage_1812,"[0, 1, 0, 0, 1]"
mergedImage_1813,"[0, 1, 1, 0, 0]"
mergedImage_1814,"[0, 0, 1, 1, 0]"
mergedImage_1815,"[1, 0, 2, 2, 0]"
mergedImage_1816,"[2, 1, 0, 0, 2]"
mergedImage_1817,"[1, 2, 0, 1, 2]"
mergedImage_1818,"[2, 2, 0, 0, 1]"
mergedImage_1819,"[1, 2, 0, 0, 3]"
mergedImage_1820,"[1, 0, 1, 0, 0]"
mergedImage_1821,"[2, 2, 0, 0, 1]"
mergedImage_1822,"[2, 3, 0, 0, 0]"
mergedImage_1823,"[2, 0, 0, 1, 1]"
mergedImage_1824,"[0, 0, 3, 0, 1]"
mergedImage_1825,"[0, 0, 1, 0, 1]"
mergedImage_1826,"[1, 1, 1, 2, 1]"
mergedImage_1827,"[0, 0, 1, 0, 1]"
mergedImage_1828,"[0, 4, 0, 0, 1]"
mergedImage_1829,"[0, 0, 1, 1, 1]"
mergedImage_1830,"[3, 1, 1, 1, 0]"
mergedImage_1831,"[0, 0, 1, 2, 0]"
mergedImage_1832,"[1, 2, 2, 1, 0]"
mergedImage_1833,"[1, 0, 0, 1, 1]"
mergedImage_1834,"[1, 1, 1, 0, 2]"
mergedImage_1835,"[2, 0, 0, 2, 1]"
mergedImage_1836,"[0, 1, 1, 1, 0]"
mergedImage_1837,"[1, 0, 0, 1, 1]"
mergedImage_1838,"[0, 0, 1, 0, 2]"
mergedImage_1839,"[1, 1, 1, 1, 0]"
mergedImage_1840,"[0, 1, 0, 1, 0]"
mergedImage_1841,"[1, 0, 1, 0, 1]"
mergedImage_1842,"[1, 2, 0, 2, 0]"
mergedImage_1843,"[0, 0, 0, 3, 0]"
mergedImage_1844,"[2, 0, 0, 1, 3]"
mergedImage_1845,"[0, 0, 1, 2, 2]"
mergedImage_1846,"[1, 0, 2, 1, 1]"
mergedImage_1847,"[0, 0, 1, 2, 1]"
mergedImage_1848,"[2, 0, 2, 0, 0]"
mergedImage_1849,"[2, 2, 0, 1, 0]"
mergedImage_1850,"[0, 0, 3, 1, 1]"
mergedImage_1851,"[0, 1, 1, 1, 0]"
mergedImage_1852,"[0, 1, 2, 1, 1]"
mergedImage_1853,"[0, 0, 0, 4, 2]"
mergedImage_1854,"[0, 1, 0, 0, 1]"
mergedImage_1855,"[0, 4, 1, 1, 0]"
mergedImage_1856,"[0, 1, 0, 0, 1]"
mergedImage_1857,"[1, 1, 2, 0, 2]"
mergedImage_1858,"[2, 1, 1, 1, 0]"
mergedImage_1859,"[2, 1, 0, 0, 2]"
mergedImage_1860,"[1, 0, 0, 1, 0]"
mergedImage_1861,"[0, 0, 1, 3, 0]"
mergedImage_1862,"[0, 1, 1, 2, 1]"
mergedImage_1863,"[3, 2, 0, 0, 1]"
mergedImage_1864,"[0, 2, 2, 0, 0]"
mergedImage_1865,"[1, 0, 1, 0, 2]"
mergedImage_1866,"[1, 0, 1, 0, 0]"
mergedImage_1867,"[0, 3, 0, 0, 1]"
mergedImage_1868,"[0, 0, 1, 1, 1]"
mergedImage_1869,"[1, 0, 1, 0, 0]"
mergedImage_1870,"[0, 0, 0, 1, 1]"
mergedImage_1871,"[0, 2, 1, 0, 0]"
mergedImage_1872,"[2, 1, 0, 1, 2]"
mergedImage_1873,"[0, 0, 1, 1, 0]"
mergedImage_1874,"[0, 1, 1, 3, 0]"
mergedImage_1875,"[0, 0, 1, 1, 1]"
mergedImage_1876,"[1, 2, 0, 1, 0]"
mergedImage_1877,"[1, 3, 0, 0, 0]"
mergedImage_1878,"[1, 1, 0, 1, 2]"
mergedImage_1879,"[1, 1, 1, 1, 0]"
mergedImage_1880,"[1, 0, 1, 2, 0]"
mergedImage_1881,"[1, 0, 0, 2, 0]"
mergedImage_1882,"[0, 0, 2, 0, 2]"
mergedImage_1883,"[1, 0, 0, 0, 1]"
mergedImage_1884,"[0, 2, 1, 0, 0]"
mergedImage_1885,"[1, 0, 1, 1, 1]"
mergedImage_1886,"[1, 0, 3, 1, 1]"
mergedImage_1887,"[2, 1, 1, 1, 0]"
mergedImage_1888,"[1, 1, 0, 1, 0]"
mergedImage_1889,"[1, 0, 0, 1, 0]"
mergedImage_1890,"[0, 1, 0, 0, 1]"
mergedImage_1891,"[0, 1, 2, 1, 2]"
mergedImage_1892,"[2, 0, 0, 2, 1]"
mergedImage_1893,"[0, 0, 0, 2, 0]"
mergedImage_1894,"[0, 0, 2, 1, 1]"
mergedImage_1895,"[0, 1, 0, 1, 0]"
mergedImage_1896,"[0, 1, 1, 0, 1]"
mergedImage_1897,"[1, 1, 0, 1, 1]"
mergedImage_1898,"[0, 1, 0, 0, 2]"
mergedImage_1899,"[0, 0, 1, 1, 0]"
mergedImage_1900,"[3, 0, 2, 0, 0]"
mergedImage_1901,"[0, 1, 1, 0, 0]"
mergedImage_1902,"[0, 0, 0, 1, 1]"
mergedImage_1903,"[2, 1, 0, 1, 0]"
mergedImage_1904,"[1, 0, 2, 1, 0]"
mergedImage_1905,"[2, 0, 1, 0, 0]"
mergedImage_1906,"[1, 0, 1, 1, 1]"
mergedImage_1907,"[0, 1, 1, 2, 1]"
mergedImage_1908,"[0, 0, 1, 1, 0]"
mergedImage_1909,"[1, 1, 0, 2, 1]"
mergedImage_1910,"[0, 1, 1, 0, 2]"
mergedImage_1911,"[0, 1, 2, 1, 1]"
mergedImage_1912,"[1, 1, 0, 0, 1]"
mergedImage_1913,"[1, 0, 2, 0, 1]"
mergedImage_1914,"[1, 1, 0, 3, 1]"
mergedImage_1915,"[0, 0, 1, 1, 2]"
mergedImage_1916,"[3, 0, 1, 1, 1]"
mergedImage_1917,"[1, 1, 0, 1, 0]"
mergedImage_1918,"[1, 0, 0, 0, 1]"
mergedImage_1919,"[2, 0, 0, 0, 1]"
mergedImage_1920,"[0, 5, 1, 0, 0]"
mergedImage_1921,"[3, 1, 0, 1, 1]"
mergedImage_1922,"[0, 1, 1, 0, 2]"
mergedImage_1923,"[1, 0, 2, 2, 1]"
mergedImage_1924,"[1, 1, 0, 2, 0]"
mergedImage_1925,"[0, 3, 1, 1, 0]"
mergedImage_1926,"[1, 1, 1, 2, 1]"
mergedImage_1927,"[0, 0, 0, 1, 2]"
mergedImage_1928,"[2, 0, 1, 1, 1]"
mergedImage_1929,"[0, 1, 1, 2, 0]"
mergedImage_1930,"[1, 0, 2, 0, 0]"
mergedImage_1931,"[0, 2, 1, 0, 3]"
mergedImage_1932,"[1, 1, 1, 3, 0]"
mergedImage_1933,"[0, 0, 2, 0, 0]"
mergedImage_1934,"[3, 0, 2, 0, 0]"
mergedImage_1935,"[0, 0, 1, 0, 4]"
mergedImage_1936,"[0, 1, 1, 1, 0]"
mergedImage_1937,"[2, 1, 0, 0, 1]"
mergedImage_1938,"[4, 0, 0, 1, 0]"
mergedImage_1939,"[0, 1, 4, 1, 0]"
mergedImage_1940,"[1, 2, 0, 1, 0]"
mergedImage_1941,"[0, 2, 2, 0, 1]"
mergedImage_1942,"[0, 0, 2, 3, 0]"
mergedImage_1943,"[0, 2, 0, 2, 0]"
mergedImage_1944,"[1, 0, 0, 1, 1]"
mergedImage_1945,"[4, 1, 0, 1, 0]"
mergedImage_1946,"[0, 0, 0, 1, 1]"
mergedImage_1947,"[2, 1, 1, 1, 0]"
mergedImage_1948,"[2, 0, 0, 0, 0]"
mergedImage_1949,"[3, 1, 1, 0, 0]"
mergedImage_1950,"[1, 0, 3, 0, 0]"
mergedImage_1951,"[0, 1, 2, 2, 0]"
mergedImage_1952,"[2, 2, 0, 1, 0]"
mergedImage_1953,"[2, 1, 0, 3, 0]"
mergedImage_1954,"[0, 2, 1, 1, 1]"
mergedImage_1955,"[0, 1, 0, 2, 0]"
mergedImage_1956,"[1, 1, 1, 1, 1]"
mergedImage_1957,"[1, 0, 1, 0, 0]"
mergedImage_1958,"[2, 1, 0, 1, 1]"
mergedImage_1959,"[0, 0, 2, 3, 1]"
mergedImage_1960,"[0, 1, 1, 2, 1]"
mergedImage_1961,"[1, 1, 1, 1, 2]"
mergedImage_1962,"[0, 2, 0, 2, 0]"
mergedImage_1963,"[0, 0, 2, 2, 1]"
mergedImage_1964,"[0, 2, 1, 0, 1]"
mergedImage_1965,"[2, 1, 0, 2, 0]"
mergedImage_1966,"[3, 1, 0, 1, 0]"
mergedImage_1967,"[1, 1, 1, 2, 0]"
mergedImage_1968,"[1, 0, 1, 1, 2]"
mergedImage_1969,"[2, 1, 1, 0, 1]"
mergedImage_1970,"[1, 2, 1, 1, 1]"
mergedImage_1971,"[2, 1, 0, 0, 0]"
mergedImage_1972,"[0, 0, 0, 3, 2]"
mergedImage_1973,"[0, 0, 2, 2, 1]"
mergedImage_1974,"[1, 0, 2, 1, 1]"
mergedImage_1975,"[0, 1, 1, 1, 0]"
mergedImage_1976,"[1, 0, 1, 0, 2]"
mergedImage_1977,"[1, 0, 1, 0, 1]"
mergedImage_1978,"[0, 2, 0, 0, 2]"
mergedImage_1979,"[1, 1, 1, 0, 0]"
mergedImage_1980,"[2, 1, 2, 1, 0]"
mergedImage_1981,"[1, 0, 1, 0, 1]"
mergedImage_1982,"[2, 0, 2, 1, 1]"
mergedImage_1983,"[1, 1, 0, 1, 1]"
mergedImage_1984,"[1, 0, 0, 1, 0]"
mergedImage_1985,"[1, 0, 0, 1, 1]"
mergedImage_1986,"[0, 0, 1, 0, 1]"
mergedImage_1987,"[1, 2, 0, 1, 1]"
mergedImage_1988,"[0, 2, 0, 1, 1]"
mergedImage_1989,"[1, 1, 0, 0, 0]"
mergedImage_1990,"[0, 1, 1, 0, 0]"
mergedImage_1991,"[1, 1, 0, 0, 1]"
mergedImage_1992,"[1, 1, 1, 0, 1]"
mergedImage_1993,"[1, 0, 1, 2, 1]"
mergedImage_1994,"[0, 1, 0, 0, 1]"
mergedImage_1995,"[0, 1, 1, 1, 0]"
mergedImage_1996,"[0, 1, 2, 0, 0]"
mergedImage_1997,"[2, 0, 1, 1, 0]"
mergedImage_1998,"[1, 0, 0, 1, 0]"
mergedImage_1999,"[1, 3, 0, 0, 2]"
mergedImage_2000,"[1, 0, 1, 1, 0]"
mergedImage_2001,"[1, 0, 1, 1, 1]"
mergedImage_2002,"[1, 0, 3, 1, 0]"
mergedImage_2003,"[1, 0, 0, 2, 0]"
mergedImage_2004,"[2, 1, 2, 0, 0]"
mergedImage_2005,"[2, 0, 1, 1, 2]"
mergedImage_2006,"[1, 1, 3, 0, 0]"
mergedImage_2007,"[1, 0, 0, 1, 1]"
mergedImage_2008,"[1, 1, 2, 2, 0]"
mergedImage_2009,"[1, 1, 2, 1, 0]"
mergedImage_2010,"[0, 0, 1, 1, 3]"
mergedImage_2011,"[0, 1, 2, 3, 0]"
mergedImage_2012,"[2, 2, 1, 0, 1]"
mergedImage_2013,"[2, 2, 0, 2, 0]"
mergedImage_2014,"[1, 1, 0, 1, 0]"
mergedImage_2015,"[0, 0, 0, 2, 0]"
mergedImage_2016,"[0, 1, 0, 2, 0]"
mergedImage_2017,"[1, 0, 1, 1, 0]"
mergedImage_2018,"[1, 0, 2, 1, 2]"
mergedImage_2019,"[1, 1, 0, 0, 1]"
mergedImage_2020,"[0, 1, 0, 0, 1]"
mergedImage_2021,"[0, 0, 0, 2, 1]"
mergedImage_2022,"[2, 0, 0, 0, 1]"
mergedImage_2023,"[0, 0, 1, 1, 0]"
mergedImage_2024,"[1, 1, 0, 2, 2]"
mergedImage_2025,"[0, 2, 1, 1, 2]"
mergedImage_2026,"[2, 1, 0, 0, 3]"
mergedImage_2027,"[0, 1, 2, 1, 1]"
mergedImage_2028,"[1, 0, 2, 1, 1]"
mergedImage_2029,"[1, 2, 0, 1, 2]"
mergedImage_2030,"[1, 0, 2, 0, 0]"
mergedImage_2031,"[1, 0, 0, 0, 1]"
mergedImage_2032,"[2, 0, 4, 0, 0]"
mergedImage_2033,"[0, 1, 0, 0, 1]"
mergedImage_2034,"[0, 1, 1, 1, 3]"
mergedImage_2035,"[0, 1, 0, 1, 1]"
mergedImage_2036,"[2, 1, 0, 0, 0]"
mergedImage_2037,"[0, 1, 2, 2, 0]"
mergedImage_2038,"[2, 0, 1, 0, 0]"
mergedImage_2039,"[2, 1, 1, 0, 0]"
mergedImage_2040,"[1, 2, 2, 0, 0]"
mergedImage_2041,"[0, 1, 1, 3, 0]"
mergedImage_2042,"[1, 1, 0, 1, 1]"
mergedImage_2043,"[1, 1, 1, 0, 2]"
mergedImage_2044,"[0, 4, 1, 1, 0]"
mergedImage_2045,"[0, 2, 0, 1, 1]"
mergedImage_2046,"[1, 1, 0, 1, 3]"
mergedImage_2047,"[2, 1, 2, 0, 1]"
mergedImage_2048,"[0, 2, 1, 3, 0]"
mergedImage_2049,"[1, 1, 0, 2, 1]"
mergedImage_2050,"[0, 1, 0, 0, 1]"
mergedImage_2051,"[0, 1, 1, 1, 0]"
mergedImage_2052,"[0, 0, 1, 0, 1]"
mergedImage_2053,"[1, 0, 2, 0, 0]"
mergedImage_2054,"[1, 2, 0, 1, 2]"
mergedImage_2055,"[2, 0, 1, 2, 1]"
mergedImage_2056,"[1, 1, 0, 2, 1]"
mergedImage_2057,"[1, 2, 0, 0, 1]"
mergedImage_2058,"[1, 1, 0, 2, 0]"
mergedImage_2059,"[0, 1, 0, 0, 1]"
mergedImage_2060,"[2, 3, 0, 1, 0]"
mergedImage_2061,"[2, 0, 3, 1, 0]"
mergedImage_2062,"[3, 2, 1, 0, 0]"
mergedImage_2063,"[1, 2, 1, 0, 2]"
mergedImage_2064,"[1, 0, 0, 3, 1]"
mergedImage_2065,"[0, 2, 1, 1, 0]"
mergedImage_2066,"[0, 2, 2, 0, 0]"
mergedImage_2067,"[0, 2, 2, 2, 0]"
mergedImage_2068,"[1, 1, 0, 1, 0]"
mergedImage_2069,"[0, 1, 0, 2, 2]"
mergedImage_2070,"[2, 0, 0, 0, 0]"
mergedImage_2071,"[0, 0, 3, 2, 0]"
mergedImage_2072,"[1, 3, 1, 1, 0]"
mergedImage_2073,"[0, 1, 0, 1, 0]"
mergedImage_2074,"[1, 1, 0, 2, 0]"
mergedImage_2075,"[0, 3, 0, 2, 0]"
mergedImage_2076,"[0, 0, 1, 1, 0]"
mergedImage_2077,"[1, 2, 2, 1, 0]"
mergedImage_2078,"[1, 0, 1, 0, 1]"
mergedImage_2079,"[1, 1, 1, 2, 0]"
mergedImage_2080,"[1, 0, 0, 1, 0]"
mergedImage_2081,"[0, 0, 1, 0, 1]"
mergedImage_2082,"[0, 1, 0, 2, 0]"
mergedImage_2083,"[0, 2, 1, 0, 1]"
mergedImage_2084,"[1, 1, 0, 1, 1]"
mergedImage_2085,"[1, 0, 1, 0, 2]"
mergedImage_2086,"[1, 1, 0, 1, 1]"
mergedImage_2087,"[0, 1, 1, 0, 1]"
mergedImage_2088,"[0, 2, 1, 0, 1]"
mergedImage_2089,"[0, 0, 0, 1, 1]"
mergedImage_2090,"[1, 4, 0, 0, 0]"
mergedImage_2091,"[0, 0, 0, 3, 0]"
mergedImage_2092,"[1, 0, 0, 2, 0]"
mergedImage_2093,"[1, 1, 3, 0, 0]"
mergedImage_2094,"[2, 0, 1, 2, 1]"
mergedImage_2095,"[0, 2, 0, 0, 0]"
mergedImage_2096,"[3, 0, 0, 0, 1]"
mergedImage_2097,"[1, 0, 2, 0, 1]"
mergedImage_2098,"[0, 0, 2, 1, 1]"
mergedImage_2099,"[1, 1, 1, 0, 0]"
mergedImage_2100,"[0, 3, 0, 2, 0]"
mergedImage_2101,"[1, 0, 1, 0, 0]"
mergedImage_2102,"[0, 0, 1, 3, 1]"
mergedImage_2103,"[0, 1, 2, 0, 1]"
mergedImage_2104,"[0, 1, 0, 1, 2]"
mergedImage_2105,"[0, 0, 0, 2, 0]"
mergedImage_2106,"[0, 1, 0, 0, 1]"
mergedImage_2107,"[0, 1, 0, 1, 1]"
mergedImage_2108,"[1, 0, 2, 1, 0]"
mergedImage_2109,"[1, 2, 1, 1, 0]"
mergedImage_2110,"[2, 1, 1, 1, 1]"
mergedImage_2111,"[1, 0, 1, 0, 1]"
mergedImage_2112,"[1, 0, 0, 2, 0]"
mergedImage_2113,"[0, 2, 1, 0, 0]"
mergedImage_2114,"[2, 0, 1, 2, 1]"
mergedImage_2115,"[0, 0, 0, 2, 1]"
mergedImage_2116,"[0, 0, 4, 0, 1]"
mergedImage_2117,"[0, 1, 4, 1, 0]"
mergedImage_2118,"[1, 1, 0, 0, 1]"
mergedImage_2119,"[1, 0, 0, 3, 2]"
mergedImage_2120,"[0, 0, 1, 0, 1]"
mergedImage_2121,"[1, 1, 1, 0, 1]"
mergedImage_2122,"[0, 0, 3, 2, 1]"
mergedImage_2123,"[1, 0, 0, 1, 1]"
mergedImage_2124,"[0, 0, 0, 1, 4]"
mergedImage_2125,"[1, 0, 1, 0, 0]"
mergedImage_2126,"[0, 0, 0, 1, 1]"
mergedImage_2127,"[0, 1, 2, 0, 1]"
mergedImage_2128,"[0, 0, 0, 2, 4]"
mergedImage_2129,"[1, 0, 1, 0, 1]"
mergedImage_2130,"[1, 1, 1, 1, 0]"
mergedImage_2131,"[0, 1, 1, 0, 1]"
mergedImage_2132,"[1, 1, 1, 0, 0]"
mergedImage_2133,"[1, 1, 2, 2, 0]"
mergedImage_2134,"[1, 1, 0, 1, 1]"
mergedImage_2135,"[2, 0, 0, 0, 1]"
mergedImage_2136,"[0, 1, 1, 0, 2]"
mergedImage_2137,"[0, 2, 0, 0, 1]"
mergedImage_2138,"[0, 1, 0, 0, 1]"
mergedImage_2139,"[0, 0, 1, 0, 3]"
mergedImage_2140,"[1, 0, 0, 1, 0]"
mergedImage_2141,"[0, 0, 0, 2, 0]"
mergedImage_2142,"[2, 1, 2, 1, 0]"
mergedImage_2143,"[0, 0, 0, 1, 1]"
mergedImage_2144,"[0, 0, 1, 2, 3]"
mergedImage_2145,"[1, 2, 1, 0, 2]"
mergedImage_2146,"[1, 0, 0, 0, 3]"
mergedImage_2147,"[2, 1, 1, 1, 1]"
mergedImage_2148,"[0, 2, 1, 1, 1]"
mergedImage_2149,"[0, 2, 2, 1, 1]"
mergedImage_2150,"[0, 0, 2, 0, 0]"
mergedImage_2151,"[1, 0, 0, 0, 1]"
mergedImage_2152,"[1, 0, 0, 1, 2]"
mergedImage_2153,"[1, 2, 0, 0, 2]"
mergedImage_2154,"[0, 2, 1, 1, 1]"
mergedImage_2155,"[0, 0, 0, 1, 3]"
mergedImage_2156,"[1, 2, 2, 0, 0]"
mergedImage_2157,"[2, 0, 1, 0, 1]"
mergedImage_2158,"[0, 0, 0, 1, 1]"
mergedImage_2159,"[2, 1, 1, 0, 0]"
mergedImage_2160,"[0, 1, 0, 0, 1]"
mergedImage_2161,"[0, 1, 0, 2, 0]"
mergedImage_2162,"[1, 0, 2, 1, 0]"
mergedImage_2163,"[1, 2, 1, 1, 0]"
mergedImage_2164,"[1, 0, 1, 2, 1]"
mergedImage_2165,"[0, 2, 0, 1, 1]"
mergedImage_2166,"[1, 0, 1, 0, 1]"
mergedImage_2167,"[1, 1, 1, 1, 1]"
mergedImage_2168,"[1, 1, 0, 2, 2]"
mergedImage_2169,"[1, 0, 1, 2, 2]"
mergedImage_2170,"[0, 1, 0, 2, 1]"
mergedImage_2171,"[1, 0, 1, 0, 0]"
mergedImage_2172,"[3, 1, 1, 0, 1]"
mergedImage_2173,"[0, 1, 2, 0, 0]"
mergedImage_2174,"[0, 0, 1, 0, 1]"
mergedImage_2175,"[0, 0, 1, 0, 1]"
mergedImage_2176,"[1, 1, 0, 1, 0]"
mergedImage_2177,"[1, 0, 0, 0, 1]"
mergedImage_2178,"[1, 0, 1, 0, 1]"
mergedImage_2179,"[0, 1, 3, 1, 0]"
mergedImage_2180,"[1, 1, 0, 0, 0]"
mergedImage_2181,"[0, 3, 2, 1, 0]"
mergedImage_2182,"[0, 1, 0, 2, 1]"
mergedImage_2183,"[0, 0, 0, 1, 1]"
mergedImage_2184,"[0, 1, 1, 2, 0]"
mergedImage_2185,"[2, 0, 2, 1, 1]"
mergedImage_2186,"[1, 1, 0, 1, 0]"
mergedImage_2187,"[0, 1, 0, 0, 2]"
mergedImage_2188,"[0, 1, 1, 0, 0]"
mergedImage_2189,"[0, 0, 1, 0, 2]"
mergedImage_2190,"[0, 1, 2, 0, 2]"
mergedImage_2191,"[1, 1, 0, 0, 0]"
mergedImage_2192,"[0, 0, 1, 1, 0]"
mergedImage_2193,"[0, 1, 0, 0, 2]"
mergedImage_2194,"[1, 0, 0, 1, 0]"
mergedImage_2195,"[2, 0, 0, 2, 0]"
mergedImage_2196,"[0, 1, 0, 0, 1]"
mergedImage_2197,"[0, 2, 0, 2, 1]"
mergedImage_2198,"[1, 0, 1, 0, 1]"
mergedImage_2199,"[1, 0, 1, 1, 2]"
mergedImage_2200,"[0, 0, 0, 2, 1]"
mergedImage_2201,"[1, 3, 1, 0, 1]"
mergedImage_2202,"[0, 2, 2, 1, 1]"
mergedImage_2203,"[2, 0, 1, 0, 1]"
mergedImage_2204,"[1, 2, 2, 1, 0]"
mergedImage_2205,"[2, 1, 1, 0, 1]"
mergedImage_2206,"[0, 3, 1, 0, 1]"
mergedImage_2207,"[2, 1, 0, 0, 2]"
mergedImage_2208,"[0, 1, 0, 2, 3]"
mergedImage_2209,"[1, 1, 0, 0, 0]"
mergedImage_2210,"[0, 0, 2, 1, 1]"
mergedImage_2211,"[1, 0, 2, 3, 0]"
mergedImage_2212,"[1, 0, 1, 2, 2]"
mergedImage_2213,"[1, 0, 2, 1, 2]"
mergedImage_2214,"[0, 0, 1, 1, 0]"
mergedImage_2215,"[1, 2, 1, 1, 1]"
mergedImage_2216,"[1, 0, 2, 1, 1]"
mergedImage_2217,"[0, 2, 1, 0, 2]"
mergedImage_2218,"[0, 2, 1, 0, 1]"
mergedImage_2219,"[0, 1, 0, 3, 2]"
mergedImage_2220,"[0, 2, 2, 0, 2]"
mergedImage_2221,"[0, 3, 2, 0, 1]"
mergedImage_2222,"[2, 0, 1, 0, 1]"
mergedImage_2223,"[0, 1, 1, 0, 1]"
mergedImage_2224,"[2, 0, 2, 1, 1]"
mergedImage_2225,"[1, 0, 2, 1, 1]"
mergedImage_2226,"[0, 0, 2, 0, 1]"
mergedImage_2227,"[1, 0, 1, 1, 1]"
mergedImage_2228,"[0, 0, 1, 0, 1]"
mergedImage_2229,"[3, 0, 0, 1, 0]"
mergedImage_2230,"[0, 0, 1, 0, 2]"
mergedImage_2231,"[0, 0, 1, 1, 1]"
mergedImage_2232,"[1, 2, 1, 1, 0]"
mergedImage_2233,"[0, 0, 1, 1, 0]"
mergedImage_2234,"[2, 0, 0, 0, 0]"
mergedImage_2235,"[1, 0, 2, 0, 0]"
mergedImage_2236,"[2, 3, 0, 1, 0]"
mergedImage_2237,"[0, 0, 1, 1, 1]"
mergedImage_2238,"[0, 0, 0, 2, 1]"
mergedImage_2239,"[1, 2, 2, 1, 0]"
mergedImage_2240,"[0, 1, 1, 1, 2]"
mergedImage_2241,"[1, 0, 0, 0, 1]"
mergedImage_2242,"[0, 1, 2, 3, 0]"
mergedImage_2243,"[1, 2, 1, 2, 0]"
mergedImage_2244,"[0, 3, 0, 0, 2]"
mergedImage_2245,"[2, 1, 2, 1, 0]"
mergedImage_2246,"[0, 1, 0, 1, 0]"
mergedImage_2247,"[0, 1, 3, 1, 1]"
mergedImage_2248,"[0, 3, 0, 1, 1]"
mergedImage_2249,"[2, 0, 1, 2, 0]"
mergedImage_2250,"[1, 1, 0, 3, 1]"
mergedImage_2251,"[0, 2, 0, 0, 1]"
mergedImage_2252,"[0, 1, 0, 3, 2]"
mergedImage_2253,"[0, 1, 0, 0, 1]"
mergedImage_2254,"[1, 2, 2, 1, 0]"
mergedImage_2255,"[1, 1, 0, 0, 0]"
mergedImage_2256,"[1, 1, 0, 0, 1]"
mergedImage_2257,"[2, 2, 0, 1, 1]"
mergedImage_2258,"[0, 2, 2, 2, 0]"
mergedImage_2259,"[1, 1, 1, 1, 1]"
mergedImage_2260,"[3, 0, 1, 0, 2]"
mergedImage_2261,"[1, 1, 0, 0, 1]"
mergedImage_2262,"[0, 3, 2, 0, 1]"
mergedImage_2263,"[0, 1, 0, 0, 1]"
mergedImage_2264,"[1, 0, 1, 1, 0]"
mergedImage_2265,"[0, 1, 0, 1, 0]"
mergedImage_2266,"[0, 0, 0, 1, 1]"
mergedImage_2267,"[0, 0, 2, 2, 0]"
mergedImage_2268,"[2, 1, 0, 1, 0]"
mergedImage_2269,"[1, 0, 3, 1, 0]"
mergedImage_2270,"[0, 0, 2, 0, 1]"
mergedImage_2271,"[0, 4, 1, 0, 1]"
mergedImage_2272,"[0, 0, 1, 1, 4]"
mergedImage_2273,"[1, 0, 1, 0, 2]"
mergedImage_2274,"[2, 1, 0, 1, 1]"
mergedImage_2275,"[2, 0, 1, 0, 0]"
mergedImage_2276,"[0, 1, 1, 1, 1]"
mergedImage_2277,"[0, 1, 1, 0, 0]"
mergedImage_2278,"[2, 1, 1, 0, 1]"
mergedImage_2279,"[0, 1, 0, 0, 1]"
mergedImage_2280,"[2, 1, 1, 0, 1]"
mergedImage_2281,"[0, 3, 1, 0, 2]"
mergedImage_2282,"[1, 0, 2, 1, 0]"
mergedImage_2283,"[0, 3, 0, 0, 1]"
mergedImage_2284,"[1, 0, 1, 1, 0]"
mergedImage_2285,"[1, 1, 1, 2, 1]"
mergedImage_2286,"[1, 0, 0, 1, 0]"
mergedImage_2287,"[0, 1, 1, 3, 0]"
mergedImage_2288,"[1, 1, 0, 1, 0]"
mergedImage_2289,"[1, 0, 1, 0, 0]"
mergedImage_2290,"[0, 0, 2, 0, 1]"
mergedImage_2291,"[1, 0, 0, 0, 2]"
mergedImage_2292,"[0, 1, 0, 1, 0]"
mergedImage_2293,"[1, 0, 1, 1, 1]"
mergedImage_2294,"[1, 2, 0, 0, 0]"
mergedImage_2295,"[1, 2, 0, 0, 0]"
mergedImage_2296,"[1, 2, 0, 0, 0]"
mergedImage_2297,"[1, 2, 1, 1, 0]"
mergedImage_2298,"[1, 1, 1, 1, 0]"
mergedImage_2299,"[1, 1, 1, 0, 0]"
mergedImage_2300,"[0, 2, 2, 1, 1]"
mergedImage_2301,"[1, 1, 0, 0, 0]"
mergedImage_2302,"[1, 1, 2, 1, 1]"
mergedImage_2303,"[0, 0, 1, 0, 1]"
mergedImage_2304,"[2, 2, 0, 0, 2]"
mergedImage_2305,"[1, 1, 0, 0, 2]"
mergedImage_2306,"[0, 1, 0, 0, 1]"
mergedImage_2307,"[0, 0, 0, 2, 0]"
mergedImage_2308,"[0, 3, 1, 0, 2]"
mergedImage_2309,"[2, 0, 0, 2, 1]"
mergedImage_2310,"[1, 2, 0, 2, 1]"
mergedImage_2311,"[0, 2, 1, 1, 1]"
mergedImage_2312,"[0, 1, 2, 1, 0]"
mergedImage_2313,"[0, 1, 1, 0, 0]"
mergedImage_2314,"[2, 1, 0, 0, 1]"
mergedImage_2315,"[0, 2, 3, 0, 1]"
mergedImage_2316,"[2, 2, 0, 0, 2]"
mergedImage_2317,"[1, 0, 2, 1, 0]"
mergedImage_2318,"[2, 0, 1, 0, 0]"
mergedImage_2319,"[0, 0, 2, 0, 1]"
mergedImage_2320,"[0, 1, 0, 2, 1]"
mergedImage_2321,"[0, 1, 1, 0, 2]"
mergedImage_2322,"[2, 2, 1, 0, 0]"
mergedImage_2323,"[1, 0, 1, 0, 0]"
mergedImage_2324,"[1, 0, 1, 0, 0]"
mergedImage_2325,"[1, 0, 2, 0, 1]"
mergedImage_2326,"[3, 0, 0, 1, 2]"
mergedImage_2327,"[0, 1, 0, 1, 1]"
mergedImage_2328,"[0, 0, 1, 0, 1]"
mergedImage_2329,"[0, 1, 1, 1, 1]"
mergedImage_2330,"[0, 1, 0, 0, 2]"
mergedImage_2331,"[0, 0, 1, 2, 0]"
mergedImage_2332,"[2, 0, 0, 0, 0]"
mergedImage_2333,"[2, 0, 0, 2, 1]"
mergedImage_2334,"[2, 1, 0, 0, 1]"
mergedImage_2335,"[0, 0, 1, 1, 0]"
mergedImage_2336,"[0, 1, 0, 0, 1]"
mergedImage_2337,"[0, 0, 0, 4, 2]"
mergedImage_2338,"[0, 1, 0, 1, 0]"
mergedImage_2339,"[0, 1, 0, 3, 0]"
mergedImage_2340,"[0, 0, 1, 1, 1]"
mergedImage_2341,"[1, 2, 1, 1, 1]"
mergedImage_2342,"[1, 1, 1, 0, 0]"
mergedImage_2343,"[1, 1, 2, 1, 0]"
mergedImage_2344,"[3, 0, 1, 0, 2]"
mergedImage_2345,"[3, 0, 0, 1, 1]"
mergedImage_2346,"[1, 0, 2, 0, 0]"
mergedImage_2347,"[1, 1, 1, 1, 0]"
mergedImage_2348,"[1, 1, 0, 1, 2]"
mergedImage_2349,"[1, 1, 0, 1, 3]"
mergedImage_2350,"[1, 0, 0, 3, 1]"
mergedImage_2351,"[0, 2, 0, 2, 1]"
mergedImage_2352,"[1, 1, 2, 0, 2]"
mergedImage_2353,"[0, 2, 1, 0, 2]"
mergedImage_2354,"[1, 0, 0, 1, 0]"
mergedImage_2355,"[1, 0, 0, 0, 2]"
mergedImage_2356,"[0, 3, 1, 0, 0]"
mergedImage_2357,"[0, 0, 0, 1, 1]"
mergedImage_2358,"[1, 0, 1, 2, 0]"
mergedImage_2359,"[0, 2, 0, 2, 1]"
mergedImage_2360,"[1, 0, 3, 0, 2]"
mergedImage_2361,"[2, 1, 2, 0, 1]"
mergedImage_2362,"[2, 0, 0, 0, 0]"
mergedImage_2363,"[0, 0, 1, 2, 0]"
mergedImage_2364,"[1, 1, 1, 0, 1]"
mergedImage_2365,"[0, 3, 0, 1, 0]"
mergedImage_2366,"[0, 0, 1, 1, 0]"
mergedImage_2367,"[0, 0, 2, 0, 0]"
mergedImage_2368,"[0, 2, 0, 1, 0]"
mergedImage_2369,"[0, 0, 1, 0, 1]"
mergedImage_2370,"[0, 0, 2, 0, 1]"
mergedImage_2371,"[0, 0, 1, 3, 1]"
mergedImage_2372,"[0, 0, 2, 0, 0]"
mergedImage_2373,"[2, 1, 2, 0, 1]"
mergedImage_2374,"[1, 3, 0, 1, 1]"
mergedImage_2375,"[0, 1, 2, 1, 2]"
mergedImage_2376,"[1, 1, 0, 1, 2]"
mergedImage_2377,"[0, 0, 1, 1, 2]"
mergedImage_2378,"[0, 1, 1, 0, 2]"
mergedImage_2379,"[2, 0, 2, 1, 1]"
mergedImage_2380,"[1, 0, 1, 1, 1]"
mergedImage_2381,"[0, 0, 0, 1, 1]"
mergedImage_2382,"[0, 0, 0, 2, 0]"
mergedImage_2383,"[0, 0, 1, 2, 0]"
mergedImage_2384,"[1, 0, 0, 1, 2]"
mergedImage_2385,"[1, 1, 1, 1, 1]"
mergedImage_2386,"[0, 2, 0, 0, 0]"
mergedImage_2387,"[1, 1, 0, 0, 3]"
mergedImage_2388,"[1, 0, 1, 0, 0]"
mergedImage_2389,"[1, 0, 1, 0, 2]"
mergedImage_2390,"[0, 1, 0, 1, 0]"
mergedImage_2391,"[0, 1, 2, 0, 0]"
mergedImage_2392,"[1, 1, 3, 0, 0]"
mergedImage_2393,"[3, 3, 0, 0, 0]"
mergedImage_2394,"[2, 0, 0, 0, 0]"
mergedImage_2395,"[0, 1, 0, 1, 2]"
mergedImage_2396,"[0, 2, 0, 0, 0]"
mergedImage_2397,"[2, 1, 0, 1, 0]"
mergedImage_2398,"[1, 2, 2, 0, 1]"
mergedImage_2399,"[1, 2, 1, 1, 0]"
mergedImage_2400,"[0, 0, 2, 1, 0]"
mergedImage_2401,"[1, 0, 2, 2, 0]"
mergedImage_2402,"[0, 1, 2, 1, 0]"
mergedImage_2403,"[0, 2, 1, 1, 1]"
mergedImage_2404,"[3, 0, 0, 0, 0]"
mergedImage_2405,"[0, 1, 2, 0, 0]"
mergedImage_2406,"[3, 2, 0, 0, 1]"
mergedImage_2407,"[0, 0, 0, 1, 2]"
mergedImage_2408,"[0, 1, 0, 0, 1]"
mergedImage_2409,"[0, 0, 1, 1, 1]"
mergedImage_2410,"[0, 0, 1, 0, 1]"
mergedImage_2411,"[0, 1, 0, 1, 0]"
mergedImage_2412,"[1, 1, 2, 0, 0]"
mergedImage_2413,"[1, 2, 1, 1, 1]"
mergedImage_2414,"[1, 1, 0, 0, 0]"
mergedImage_2415,"[2, 0, 2, 0, 0]"
mergedImage_2416,"[1, 1, 1, 1, 1]"
mergedImage_2417,"[0, 0, 1, 1, 0]"
mergedImage_2418,"[0, 1, 0, 0, 1]"
mergedImage_2419,"[0, 1, 1, 1, 0]"
mergedImage_2420,"[1, 0, 0, 3, 1]"
mergedImage_2421,"[1, 1, 0, 0, 0]"
mergedImage_2422,"[1, 1, 0, 1, 0]"
mergedImage_2423,"[1, 0, 1, 0, 0]"
mergedImage_2424,"[2, 2, 1, 1, 0]"
mergedImage_2425,"[0, 2, 1, 2, 0]"
mergedImage_2426,"[0, 2, 1, 2, 1]"
mergedImage_2427,"[1, 0, 0, 1, 0]"
mergedImage_2428,"[0, 1, 1, 3, 1]"
mergedImage_2429,"[1, 1, 2, 1, 1]"
mergedImage_2430,"[0, 2, 3, 0, 1]"
mergedImage_2431,"[1, 0, 1, 0, 0]"
mergedImage_2432,"[0, 1, 1, 1, 2]"
mergedImage_2433,"[0, 1, 1, 0, 0]"
mergedImage_2434,"[1, 0, 2, 3, 0]"
mergedImage_2435,"[2, 0, 1, 0, 0]"
mergedImage_2436,"[0, 1, 0, 0, 1]"
mergedImage_2437,"[0, 2, 0, 0, 1]"
mergedImage_2438,"[0, 0, 0, 1, 1]"
mergedImage_2439,"[1, 0, 0, 1, 0]"
mergedImage_2440,"[0, 1, 0, 1, 0]"
mergedImage_2441,"[2, 0, 0, 1, 3]"
mergedImage_2442,"[1, 3, 1, 0, 1]"
mergedImage_2443,"[1, 0, 1, 0, 0]"
mergedImage_2444,"[0, 3, 1, 1, 0]"
mergedImage_2445,"[0, 0, 2, 1, 1]"
mergedImage_2446,"[0, 0, 0, 1, 1]"
mergedImage_2447,"[1, 1, 1, 0, 3]"
mergedImage_2448,"[1, 2, 1, 1, 0]"
mergedImage_2449,"[1, 1, 0, 2, 2]"
mergedImage_2450,"[0, 0, 2, 3, 1]"
mergedImage_2451,"[0, 1, 1, 1, 0]"
mergedImage_2452,"[1, 0, 1, 0, 0]"
mergedImage_2453,"[3, 1, 1, 0, 0]"
mergedImage_2454,"[0, 0, 2, 0, 0]"
mergedImage_2455,"[2, 1, 1, 2, 0]"
mergedImage_2456,"[0, 0, 0, 1, 1]"
mergedImage_2457,"[2, 2, 0, 1, 1]"
mergedImage_2458,"[0, 0, 1, 0, 2]"
mergedImage_2459,"[2, 0, 2, 1, 0]"
mergedImage_2460,"[1, 0, 1, 3, 1]"
mergedImage_2461,"[2, 0, 4, 0, 0]"
mergedImage_2462,"[0, 1, 2, 1, 1]"
mergedImage_2463,"[1, 1, 2, 1, 0]"
mergedImage_2464,"[0, 0, 2, 1, 2]"
mergedImage_2465,"[0, 2, 0, 0, 0]"
mergedImage_2466,"[0, 1, 3, 0, 0]"
mergedImage_2467,"[0, 0, 1, 1, 0]"
mergedImage_2468,"[1, 2, 0, 1, 0]"
mergedImage_2469,"[0, 0, 1, 1, 0]"
mergedImage_2470,"[0, 0, 2, 0, 1]"
mergedImage_2471,"[2, 1, 0, 2, 1]"
mergedImage_2472,"[2, 1, 0, 2, 0]"
mergedImage_2473,"[1, 1, 1, 0, 2]"
mergedImage_2474,"[0, 0, 2, 0, 0]"
mergedImage_2475,"[0, 0, 1, 0, 1]"
mergedImage_2476,"[1, 2, 1, 1, 1]"
mergedImage_2477,"[1, 0, 2, 2, 0]"
mergedImage_2478,"[2, 0, 3, 0, 1]"
mergedImage_2479,"[1, 1, 0, 2, 1]"
mergedImage_2480,"[2, 1, 0, 2, 0]"
mergedImage_2481,"[1, 2, 1, 0, 0]"
mergedImage_2482,"[1, 1, 0, 2, 0]"
mergedImage_2483,"[1, 2, 1, 1, 1]"
mergedImage_2484,"[0, 4, 1, 1, 0]"
mergedImage_2485,"[0, 1, 0, 1, 0]"
mergedImage_2486,"[0, 2, 1, 1, 0]"
mergedImage_2487,"[1, 1, 0, 1, 0]"
mergedImage_2488,"[0, 1, 1, 2, 2]"
mergedImage_2489,"[0, 1, 0, 1, 0]"
mergedImage_2490,"[0, 1, 0, 1, 0]"
mergedImage_2491,"[0, 2, 0, 1, 1]"
mergedImage_2492,"[1, 0, 2, 1, 0]"
mergedImage_2493,"[1, 1, 1, 0, 1]"
mergedImage_2494,"[0, 2, 1, 0, 0]"
mergedImage_2495,"[0, 2, 0, 0, 1]"
mergedImage_2496,"[3, 1, 1, 0, 1]"
mergedImage_2497,"[2, 0, 0, 1, 2]"
mergedImage_2498,"[1, 2, 1, 1, 1]"
mergedImage_2499,"[0, 1, 0, 1, 0]"
